vmTypeId,priority,starttime,endtime,core,memory,machineId
42,0,1.157401129603386e-05,0.0011113542132079601,0.019230769230769232,0.012444444444444444,16
73,0,1.157401129603386e-05,0.017206192016601562,0.038461538461538464,0.049777777777777775,16
64,0,1.157401129603386e-05,0.20727918995544314,0.009615384615384616,0.006222222222222222,16
68,0,1.157401129603386e-05,0.019393773283809423,0.15384615384615385,0.09955555555555555,16
68,0,1.157401129603386e-05,0.019393773283809423,0.15384615384615385,0.09955555555555555,16
68,0,1.157401129603386e-05,0.019393773283809423,0.15384615384615385,0.09955555555555555,16
73,0,2.314802259206772e-05,0.10330471070483327,0.038461538461538464,0.049777777777777775,16
73,0,2.314802259206772e-05,0.10330471070483327,0.038461538461538464,0.049777777777777775,16
112,0,2.314802259206772e-05,0.008022928144782782,0.0033653846153846156,0.0035555555555555557,16
138,0,2.314802259206772e-05,0.20728047471493483,0.019230769230769232,0.028444444444444446,16
466,0,3.472203388810158e-05,1.9717304976657033,0.3076923076923077,0.45511111111111113,16
9,0,3.472203388810158e-05,0.04031895846128464,0.07692307692307693,0.05688888888888889,16
73,0,3.472203388810158e-05,0.24917567148804665,0.038461538461538464,0.049777777777777775,16
73,0,3.472203388810158e-05,0.24917567148804665,0.038461538461538464,0.049777777777777775,16
112,0,3.472203388810158e-05,0.011759456247091293,0.0033653846153846156,0.0035555555555555557,16
112,0,3.472203388810158e-05,0.01280679414048791,0.0033653846153846156,0.0035555555555555557,16
112,0,3.472203388810158e-05,0.013319096993654966,0.0033653846153846156,0.0035555555555555557,16
122,0,4.6296510845422745e-05,0.13124950230121613,0.009615384615384616,0.014222222222222223,16
122,0,4.6296510845422745e-05,0.13124950230121613,0.009615384615384616,0.014222222222222223,16
122,0,4.6296510845422745e-05,0.13124950230121613,0.009615384615384616,0.014222222222222223,16
112,0,4.6296510845422745e-05,0.011113889049738646,0.0033653846153846156,0.0035555555555555557,16
112,0,4.6296510845422745e-05,0.02526728017255664,0.0033653846153846156,0.0035555555555555557,16
66,0,4.6296510845422745e-05,0.04032312519848347,0.038461538461538464,0.024888888888888887,16
42,0,4.6296510845422745e-05,0.01079988433048129,0.019230769230769232,0.012444444444444444,16
16,0,5.7870522141456604e-05,4.167291574180126,0.0038461538461538464,0.0035555555555555557,16
16,0,5.7870522141456604e-05,4.167291574180126,0.0038461538461538464,0.0035555555555555557,16
112,0,5.7870522141456604e-05,0.008318171370774508,0.0033653846153846156,0.0035555555555555557,16
112,0,5.7870522141456604e-05,0.008870300836861134,0.0033653846153846156,0.0035555555555555557,16
136,0,8.101854473352432e-05,0.0014998726546764374,0.009615384615384616,0.014222222222222223,16
136,0,8.101854473352432e-05,0.0014998726546764374,0.009615384615384616,0.014222222222222223,16
136,0,8.101854473352432e-05,0.0014998726546764374,0.009615384615384616,0.014222222222222223,16
136,0,8.101854473352432e-05,0.0014998726546764374,0.009615384615384616,0.014222222222222223,16
41,0,8.101854473352432e-05,0.017252419143915176,0.009615384615384616,0.006222222222222222,16
66,0,0.00010416656732559204,0.04032315965741873,0.038461538461538464,0.024888888888888887,16
67,1,0.0001157405786216259,0.0038195140659809113,0.07692307692307693,0.049777777777777775,16
67,1,0.0001157405786216259,0.0038195252418518066,0.07692307692307693,0.049777777777777775,16
67,1,0.0001157405786216259,0.0005060532130300999,0.07692307692307693,0.049777777777777775,16
67,1,0.0001157405786216259,0.0005060648545622826,0.07692307692307693,0.049777777777777775,16
67,1,0.0001157405786216259,0.003819548524916172,0.07692307692307693,0.049777777777777775,16
67,1,0.0001157405786216259,0.0038195601664483547,0.07692307692307693,0.049777777777777775,16
67,1,0.0001157405786216259,0.0038195718079805374,0.07692307692307693,0.049777777777777775,16
67,1,0.0001157405786216259,0.00381958344951272,0.07692307692307693,0.049777777777777775,16
67,1,0.0001157405786216259,0.00381958344951272,0.07692307692307693,0.049777777777777775,16
67,1,0.0001157405786216259,0.003819595091044903,0.07692307692307693,0.049777777777777775,16
67,1,0.0001157405786216259,0.003819606266915798,0.07692307692307693,0.049777777777777775,16
67,1,0.0001157405786216259,0.003819617908447981,0.07692307692307693,0.049777777777777775,16
67,1,0.0001157405786216259,0.0038196295499801636,0.07692307692307693,0.049777777777777775,16
67,1,0.0001157405786216259,0.0038196295499801636,0.07692307692307693,0.049777777777777775,16
67,1,0.0001157405786216259,0.0038196411915123463,0.07692307692307693,0.049777777777777775,16
67,1,0.0001157405786216259,0.003819652833044529,0.07692307692307693,0.049777777777777775,16
67,1,0.0001157405786216259,0.0038196644745767117,0.07692307692307693,0.049777777777777775,16
67,1,0.0001157405786216259,0.0038196761161088943,0.07692307692307693,0.049777777777777775,16
67,1,0.0001157405786216259,0.0038196761161088943,0.07692307692307693,0.049777777777777775,16
67,1,0.0001157405786216259,0.0038196872919797897,0.07692307692307693,0.049777777777777775,16
67,1,0.0001157405786216259,0.003820382058620453,0.07692307692307693,0.049777777777777775,16
67,1,0.0001157405786216259,0.0038203937001526356,0.07692307692307693,0.049777777777777775,16
67,1,0.0001157405786216259,0.003820404876023531,0.07692307692307693,0.049777777777777775,16
67,1,0.0001157405786216259,0.0038204165175557137,0.07692307692307693,0.049777777777777775,16
67,1,0.0001157405786216259,0.0038204281590878963,0.07692307692307693,0.049777777777777775,16
67,1,0.0001157405786216259,0.0038204281590878963,0.07692307692307693,0.049777777777777775,16
67,1,0.0001157405786216259,0.003820439800620079,0.07692307692307693,0.049777777777777775,16
67,1,0.0001157405786216259,0.0038204514421522617,0.07692307692307693,0.049777777777777775,16
67,1,0.0001157405786216259,0.0038204630836844444,0.07692307692307693,0.049777777777777775,16
67,1,0.0001157405786216259,0.003820474725216627,0.07692307692307693,0.049777777777777775,16
67,1,0.0001157405786216259,0.0038204859010875225,0.07692307692307693,0.049777777777777775,16
67,1,0.0001157405786216259,0.003820497542619705,0.07692307692307693,0.049777777777777775,16
67,1,0.0001157405786216259,0.003820509184151888,0.07692307692307693,0.049777777777777775,16
67,1,0.0001157405786216259,0.003820509184151888,0.07692307692307693,0.049777777777777775,16
67,1,0.0001157405786216259,0.0038205208256840706,0.07692307692307693,0.049777777777777775,16
67,1,0.0001157405786216259,0.0038205324672162533,0.07692307692307693,0.049777777777777775,16
67,1,0.0001157405786216259,0.003820544108748436,0.07692307692307693,0.049777777777777775,16
67,1,0.0001157405786216259,0.003820544108748436,0.07692307692307693,0.049777777777777775,16
67,1,0.0001157405786216259,0.0038205557502806187,0.07692307692307693,0.049777777777777775,16
67,1,0.0001157405786216259,0.003820566926151514,0.07692307692307693,0.049777777777777775,16
67,1,0.0001157405786216259,0.004103946965187788,0.07692307692307693,0.049777777777777775,16
67,1,0.0001157405786216259,0.004103946965187788,0.07692307692307693,0.049777777777777775,16
67,1,0.0001157405786216259,0.004103958141058683,0.07692307692307693,0.049777777777777775,16
67,1,0.0001157405786216259,0.004103958141058683,0.07692307692307693,0.049777777777777775,16
67,1,0.0001157405786216259,0.004103958141058683,0.07692307692307693,0.049777777777777775,16
67,1,0.0001157405786216259,0.004103958141058683,0.07692307692307693,0.049777777777777775,16
67,1,0.0001157405786216259,0.004103969782590866,0.07692307692307693,0.049777777777777775,16
67,1,0.0001157405786216259,0.004103969782590866,0.07692307692307693,0.049777777777777775,16
67,1,0.0001157405786216259,0.004103981424123049,0.07692307692307693,0.049777777777777775,16
67,1,0.0001157405786216259,0.004103981424123049,0.07692307692307693,0.049777777777777775,16
67,1,0.0001157405786216259,0.0041039930656552315,0.07692307692307693,0.049777777777777775,16
67,1,0.0001157405786216259,0.0041039930656552315,0.07692307692307693,0.049777777777777775,16
67,1,0.0001157405786216259,0.004104004707187414,0.07692307692307693,0.049777777777777775,16
67,1,0.0001157405786216259,0.004104004707187414,0.07692307692307693,0.049777777777777775,16
67,1,0.0001157405786216259,0.004104004707187414,0.07692307692307693,0.049777777777777775,16
67,1,0.0001157405786216259,0.004104004707187414,0.07692307692307693,0.049777777777777775,16
67,1,0.0001157405786216259,0.004104016348719597,0.07692307692307693,0.049777777777777775,16
67,1,0.0001157405786216259,0.004104016348719597,0.07692307692307693,0.049777777777777775,16
67,1,0.0001157405786216259,0.0041040279902517796,0.07692307692307693,0.049777777777777775,16
67,1,0.0001157405786216259,0.0041040279902517796,0.07692307692307693,0.049777777777777775,16
67,1,0.0001157405786216259,0.004104039166122675,0.07692307692307693,0.049777777777777775,16
67,1,0.0001157405786216259,0.004104039166122675,0.07692307692307693,0.049777777777777775,16
67,1,0.0001157405786216259,0.004104050807654858,0.07692307692307693,0.049777777777777775,16
67,1,0.0001157405786216259,0.004104050807654858,0.07692307692307693,0.049777777777777775,16
67,1,0.0001157405786216259,0.004104050807654858,0.07692307692307693,0.049777777777777775,16
67,1,0.0001157405786216259,0.004104050807654858,0.07692307692307693,0.049777777777777775,16
67,1,0.0001157405786216259,0.00410406244918704,0.07692307692307693,0.049777777777777775,16
67,1,0.0001157405786216259,0.00410406244918704,0.07692307692307693,0.049777777777777775,16
67,1,0.0001157405786216259,0.004104074090719223,0.07692307692307693,0.049777777777777775,16
67,1,0.0001157405786216259,0.004104074090719223,0.07692307692307693,0.049777777777777775,16
67,1,0.0001157405786216259,0.004104085732251406,0.07692307692307693,0.049777777777777775,16
67,1,0.0001157405786216259,0.004104085732251406,0.07692307692307693,0.049777777777777775,16
67,1,0.0001157405786216259,0.004104097373783588,0.07692307692307693,0.049777777777777775,16
67,1,0.0001157405786216259,0.004104097373783588,0.07692307692307693,0.049777777777777775,16
67,1,0.0001157405786216259,0.004104097373783588,0.07692307692307693,0.049777777777777775,16
67,1,0.0001157405786216259,0.004104097373783588,0.07692307692307693,0.049777777777777775,16
67,1,0.0001157405786216259,0.004104109015315771,0.07692307692307693,0.049777777777777775,16
67,1,0.0001157405786216259,0.004104109015315771,0.07692307692307693,0.049777777777777775,16
67,1,0.0001157405786216259,0.0041041201911866665,0.07692307692307693,0.049777777777777775,16
67,1,0.0001157405786216259,0.0041041201911866665,0.07692307692307693,0.049777777777777775,16
73,0,0.0001157405786216259,0.13717843731865287,0.038461538461538464,0.049777777777777775,16
67,1,0.0001157405786216259,0.003824027720838785,0.07692307692307693,0.049777777777777775,16
67,1,0.0001157405786216259,0.003824039362370968,0.07692307692307693,0.049777777777777775,16
67,1,0.0001157405786216259,0.0038240510039031506,0.07692307692307693,0.049777777777777775,16
67,1,0.0001157405786216259,0.0038240510039031506,0.07692307692307693,0.049777777777777775,16
67,1,0.0001157405786216259,0.0038240626454353333,0.07692307692307693,0.049777777777777775,16
67,1,0.0001157405786216259,0.003824074286967516,0.07692307692307693,0.049777777777777775,16
67,1,0.0001157405786216259,0.0038240854628384113,0.07692307692307693,0.049777777777777775,16
67,1,0.0001157405786216259,0.003824097104370594,0.07692307692307693,0.049777777777777775,16
67,1,0.0001157405786216259,0.0038241087459027767,0.07692307692307693,0.049777777777777775,16
67,1,0.0001157405786216259,0.0038241087459027767,0.07692307692307693,0.049777777777777775,16
67,1,0.0001157405786216259,0.0038241203874349594,0.07692307692307693,0.049777777777777775,16
67,1,0.0001157405786216259,0.003824132028967142,0.07692307692307693,0.049777777777777775,16
67,1,0.0001157405786216259,0.003824143670499325,0.07692307692307693,0.049777777777777775,16
67,1,0.0001157405786216259,0.0038241553120315075,0.07692307692307693,0.049777777777777775,16
67,1,0.0001157405786216259,0.003824166487902403,0.07692307692307693,0.049777777777777775,16
67,1,0.0001157405786216259,0.003824166487902403,0.07692307692307693,0.049777777777777775,16
67,1,0.0001157405786216259,0.0038241781294345856,0.07692307692307693,0.049777777777777775,16
67,1,0.0001157405786216259,0.0038241897709667683,0.07692307692307693,0.049777777777777775,16
67,1,0.0001157405786216259,0.003824201412498951,0.07692307692307693,0.049777777777777775,16
67,1,0.0001157405786216259,0.0038242130540311337,0.07692307692307693,0.049777777777777775,16
47,1,0.00012731458991765976,0.010695335455238819,0.038461538461538464,0.049777777777777775,16
47,1,0.00012731458991765976,0.011025867890566587,0.038461538461538464,0.049777777777777775,16
67,1,0.00012731458991765976,0.004104571882635355,0.07692307692307693,0.049777777777777775,16
67,1,0.00012731458991765976,0.004104571882635355,0.07692307692307693,0.049777777777777775,16
67,1,0.00012731458991765976,0.004104583524167538,0.07692307692307693,0.049777777777777775,16
67,1,0.00012731458991765976,0.004104583524167538,0.07692307692307693,0.049777777777777775,16
67,1,0.00012731458991765976,0.004104583524167538,0.07692307692307693,0.049777777777777775,16
67,1,0.00012731458991765976,0.004104583524167538,0.07692307692307693,0.049777777777777775,16
67,1,0.00012731458991765976,0.004104594700038433,0.07692307692307693,0.049777777777777775,16
67,1,0.00012731458991765976,0.004104594700038433,0.07692307692307693,0.049777777777777775,16
67,1,0.00012731458991765976,0.004104606341570616,0.07692307692307693,0.049777777777777775,16
67,1,0.00012731458991765976,0.004104606341570616,0.07692307692307693,0.049777777777777775,16
67,1,0.00012731458991765976,0.0041046179831027985,0.07692307692307693,0.049777777777777775,16
67,1,0.00012731458991765976,0.0041046179831027985,0.07692307692307693,0.049777777777777775,16
67,1,0.00012731458991765976,0.004104629624634981,0.07692307692307693,0.049777777777777775,16
67,1,0.00012731458991765976,0.004104629624634981,0.07692307692307693,0.049777777777777775,16
67,1,0.00012731458991765976,0.004104629624634981,0.07692307692307693,0.049777777777777775,16
67,1,0.00012731458991765976,0.004104629624634981,0.07692307692307693,0.049777777777777775,16
67,1,0.00012731458991765976,0.004104641266167164,0.07692307692307693,0.049777777777777775,16
67,1,0.00012731458991765976,0.004104641266167164,0.07692307692307693,0.049777777777777775,16
67,1,0.00012731458991765976,0.0041046529076993465,0.07692307692307693,0.049777777777777775,16
67,1,0.00012731458991765976,0.0041046529076993465,0.07692307692307693,0.049777777777777775,16
67,1,0.00012731458991765976,0.004104664549231529,0.07692307692307693,0.049777777777777775,16
67,1,0.00012731458991765976,0.004104664549231529,0.07692307692307693,0.049777777777777775,16
67,1,0.00012731458991765976,0.004104675725102425,0.07692307692307693,0.049777777777777775,16
67,1,0.00012731458991765976,0.004104675725102425,0.07692307692307693,0.049777777777777775,16
67,1,0.00012731458991765976,0.004104675725102425,0.07692307692307693,0.049777777777777775,16
67,1,0.00012731458991765976,0.004104675725102425,0.07692307692307693,0.049777777777777775,16
67,1,0.00012731458991765976,0.004104687366634607,0.07692307692307693,0.049777777777777775,16
67,1,0.00012731458991765976,0.004104687366634607,0.07692307692307693,0.049777777777777775,16
67,1,0.00012731458991765976,0.00410469900816679,0.07692307692307693,0.049777777777777775,16
67,1,0.00012731458991765976,0.00410469900816679,0.07692307692307693,0.049777777777777775,16
67,1,0.00012731458991765976,0.004104710649698973,0.07692307692307693,0.049777777777777775,16
67,1,0.00012731458991765976,0.004104710649698973,0.07692307692307693,0.049777777777777775,16
67,1,0.00012731458991765976,0.004104722291231155,0.07692307692307693,0.049777777777777775,16
67,1,0.00012731458991765976,0.004104722291231155,0.07692307692307693,0.049777777777777775,16
67,1,0.00012731458991765976,0.004104733932763338,0.07692307692307693,0.049777777777777775,16
67,1,0.00012731458991765976,0.004104733932763338,0.07692307692307693,0.049777777777777775,16
67,1,0.00012731458991765976,0.004104733932763338,0.07692307692307693,0.049777777777777775,16
67,1,0.00012731458991765976,0.004104733932763338,0.07692307692307693,0.049777777777777775,16
67,1,0.00012731458991765976,0.004104745574295521,0.07692307692307693,0.049777777777777775,16
67,1,0.00012731458991765976,0.004104745574295521,0.07692307692307693,0.049777777777777775,16
67,1,0.00012731458991765976,0.004105092491954565,0.07692307692307693,0.049777777777777775,16
67,1,0.00012731458991765976,0.004105092491954565,0.07692307692307693,0.049777777777777775,16
67,1,0.00012731458991765976,0.004105104133486748,0.07692307692307693,0.049777777777777775,16
67,1,0.00012731458991765976,0.004105104133486748,0.07692307692307693,0.049777777777777775,16
67,1,0.00012731458991765976,0.0041051157750189304,0.07692307692307693,0.049777777777777775,16
67,1,0.00012731458991765976,0.0041051157750189304,0.07692307692307693,0.049777777777777775,16
67,1,0.00012731458991765976,0.004105127416551113,0.07692307692307693,0.049777777777777775,16
67,1,0.00012731458991765976,0.004105127416551113,0.07692307692307693,0.049777777777777775,16
67,1,0.00012731458991765976,0.004105139058083296,0.07692307692307693,0.049777777777777775,16
67,1,0.00012731458991765976,0.004105139058083296,0.07692307692307693,0.049777777777777775,16
67,1,0.00012731458991765976,0.004105150233954191,0.07692307692307693,0.049777777777777775,16
67,1,0.00012731458991765976,0.004105150233954191,0.07692307692307693,0.049777777777777775,16
67,1,0.00012731458991765976,0.004105161875486374,0.07692307692307693,0.049777777777777775,16
67,1,0.00012731458991765976,0.004105161875486374,0.07692307692307693,0.049777777777777775,16
67,1,0.00012731458991765976,0.004105173517018557,0.07692307692307693,0.049777777777777775,16
67,1,0.00012731458991765976,0.004105173517018557,0.07692307692307693,0.049777777777777775,16
67,1,0.00012731458991765976,0.004105185158550739,0.07692307692307693,0.049777777777777775,16
67,1,0.00012731458991765976,0.004105185158550739,0.07692307692307693,0.049777777777777775,16
67,1,0.00012731458991765976,0.004105196800082922,0.07692307692307693,0.049777777777777775,16
67,1,0.00012731458991765976,0.004105196800082922,0.07692307692307693,0.049777777777777775,16
67,1,0.00012731458991765976,0.004105648025870323,0.07692307692307693,0.049777777777777775,16
67,1,0.00012731458991765976,0.004105648025870323,0.07692307692307693,0.049777777777777775,16
67,1,0.00012731458991765976,0.004105659667402506,0.07692307692307693,0.049777777777777775,16
67,1,0.00012731458991765976,0.004105659667402506,0.07692307692307693,0.049777777777777775,16
67,1,0.00012731458991765976,0.004105682950466871,0.07692307692307693,0.049777777777777775,16
67,1,0.00012731458991765976,0.004105682950466871,0.07692307692307693,0.049777777777777775,16
67,1,0.00012731458991765976,0.004105694591999054,0.07692307692307693,0.049777777777777775,16
67,1,0.00012731458991765976,0.004105694591999054,0.07692307692307693,0.049777777777777775,16
67,1,0.00012731458991765976,0.004105706233531237,0.07692307692307693,0.049777777777777775,16
67,1,0.00012731458991765976,0.004105706233531237,0.07692307692307693,0.049777777777777775,16
67,1,0.00012731458991765976,0.004105729050934315,0.07692307692307693,0.049777777777777775,16
67,1,0.00012731458991765976,0.004105729050934315,0.07692307692307693,0.049777777777777775,16
67,1,0.00012731458991765976,0.004105740692466497,0.07692307692307693,0.049777777777777775,16
67,1,0.00012731458991765976,0.004105740692466497,0.07692307692307693,0.049777777777777775,16
67,1,0.00012731458991765976,0.00410575233399868,0.07692307692307693,0.049777777777777775,16
67,1,0.00012731458991765976,0.00410575233399868,0.07692307692307693,0.049777777777777775,16
67,1,0.00012731458991765976,0.004105763975530863,0.07692307692307693,0.049777777777777775,16
67,1,0.00012731458991765976,0.004105763975530863,0.07692307692307693,0.049777777777777775,16
67,1,0.00012731458991765976,0.004105787258595228,0.07692307692307693,0.049777777777777775,16
67,1,0.00012731458991765976,0.004105787258595228,0.07692307692307693,0.049777777777777775,16
67,1,0.00012731458991765976,0.004105798434466124,0.07692307692307693,0.049777777777777775,16
67,1,0.00012731458991765976,0.004105798434466124,0.07692307692307693,0.049777777777777775,16
67,1,0.00012731458991765976,0.004105810075998306,0.07692307692307693,0.049777777777777775,16
67,1,0.00012731458991765976,0.004105810075998306,0.07692307692307693,0.049777777777777775,16
67,1,0.00012731458991765976,0.004105821717530489,0.07692307692307693,0.049777777777777775,16
67,1,0.00012731458991765976,0.004105821717530489,0.07692307692307693,0.049777777777777775,16
67,1,0.00012731458991765976,0.004105845000594854,0.07692307692307693,0.049777777777777775,16
67,1,0.00012731458991765976,0.004105845000594854,0.07692307692307693,0.049777777777777775,16
67,1,0.00012731458991765976,0.004105856642127037,0.07692307692307693,0.049777777777777775,16
67,1,0.00012731458991765976,0.004105856642127037,0.07692307692307693,0.049777777777777775,16
67,1,0.00012731458991765976,0.004105856642127037,0.07692307692307693,0.049777777777777775,16
67,1,0.00012731458991765976,0.004105856642127037,0.07692307692307693,0.049777777777777775,16
67,1,0.00012731458991765976,0.00410586828365922,0.07692307692307693,0.049777777777777775,16
67,1,0.00012731458991765976,0.00410586828365922,0.07692307692307693,0.049777777777777775,16
67,1,0.00012731458991765976,0.004105926025658846,0.07692307692307693,0.049777777777777775,16
67,1,0.00012731458991765976,0.004105926025658846,0.07692307692307693,0.049777777777777775,16
67,1,0.00012731458991765976,0.004105937667191029,0.07692307692307693,0.049777777777777775,16
67,1,0.00012731458991765976,0.004105937667191029,0.07692307692307693,0.049777777777777775,16
67,1,0.00012731458991765976,0.004105948843061924,0.07692307692307693,0.049777777777777775,16
67,1,0.00012731458991765976,0.004105948843061924,0.07692307692307693,0.049777777777777775,16
136,0,0.00012731458991765976,0.04739464120939374,0.009615384615384616,0.014222222222222223,16
136,0,0.00012731458991765976,0.04739464120939374,0.009615384615384616,0.014222222222222223,16
67,1,0.00012731458991765976,0.003825023304671049,0.07692307692307693,0.049777777777777775,16
67,1,0.00012731458991765976,0.003825034946203232,0.07692307692307693,0.049777777777777775,16
67,1,0.00012731458991765976,0.003825046122074127,0.07692307692307693,0.049777777777777775,16
67,1,0.00012731458991765976,0.00382505776360631,0.07692307692307693,0.049777777777777775,16
67,1,0.00012731458991765976,0.0038250694051384926,0.07692307692307693,0.049777777777777775,16
67,1,0.00012731458991765976,0.0038250694051384926,0.07692307692307693,0.049777777777777775,16
67,1,0.00012731458991765976,0.0038250810466706753,0.07692307692307693,0.049777777777777775,16
67,1,0.00012731458991765976,0.003825092688202858,0.07692307692307693,0.049777777777777775,16
67,1,0.00012731458991765976,0.0038251043297350407,0.07692307692307693,0.049777777777777775,16
67,1,0.00012731458991765976,0.0038251159712672234,0.07692307692307693,0.049777777777777775,16
67,1,0.00012731458991765976,0.0038251159712672234,0.07692307692307693,0.049777777777777775,16
67,1,0.00012731458991765976,0.0038251271471381187,0.07692307692307693,0.049777777777777775,16
67,1,0.00012731458991765976,0.0038251387886703014,0.07692307692307693,0.049777777777777775,16
67,1,0.00012731458991765976,0.003825150430202484,0.07692307692307693,0.049777777777777775,16
67,1,0.00012731458991765976,0.003825162071734667,0.07692307692307693,0.049777777777777775,16
67,1,0.00012731458991765976,0.003825162071734667,0.07692307692307693,0.049777777777777775,16
67,1,0.00012731458991765976,0.0038251737132668495,0.07692307692307693,0.049777777777777775,16
67,1,0.00012731458991765976,0.003825185354799032,0.07692307692307693,0.049777777777777775,16
67,1,0.00012731458991765976,0.0038251965306699276,0.07692307692307693,0.049777777777777775,16
67,1,0.00012731458991765976,0.0038252081722021103,0.07692307692307693,0.049777777777777775,16
67,1,0.00012731458991765976,0.003825717605650425,0.07692307692307693,0.049777777777777775,16
67,1,0.00012731458991765976,0.0038257292471826077,0.07692307692307693,0.049777777777777775,16
67,1,0.00012731458991765976,0.0038257408887147903,0.07692307692307693,0.049777777777777775,16
67,1,0.00012731458991765976,0.0038257986307144165,0.07692307692307693,0.049777777777777775,16
67,1,0.00012731458991765976,0.003825810272246599,0.07692307692307693,0.049777777777777775,16
67,1,0.00012731458991765976,0.003825821913778782,0.07692307692307693,0.049777777777777775,16
67,1,0.00012731458991765976,0.003825821913778782,0.07692307692307693,0.049777777777777775,16
67,1,0.00012731458991765976,0.0038258335553109646,0.07692307692307693,0.049777777777777775,16
67,1,0.00012731458991765976,0.00382584473118186,0.07692307692307693,0.049777777777777775,16
67,1,0.00012731458991765976,0.0038258563727140427,0.07692307692307693,0.049777777777777775,16
67,1,0.00012731458991765976,0.0038258680142462254,0.07692307692307693,0.049777777777777775,16
67,1,0.00012731458991765976,0.0038258680142462254,0.07692307692307693,0.049777777777777775,16
67,1,0.00012731458991765976,0.003825879655778408,0.07692307692307693,0.049777777777777775,16
67,1,0.00012731458991765976,0.0038258912973105907,0.07692307692307693,0.049777777777777775,16
67,1,0.00012731458991765976,0.0038259029388427734,0.07692307692307693,0.049777777777777775,16
67,1,0.00012731458991765976,0.003825914580374956,0.07692307692307693,0.049777777777777775,16
67,1,0.00012731458991765976,0.0038259257562458515,0.07692307692307693,0.049777777777777775,16
67,1,0.00012731458991765976,0.003825937397778034,0.07692307692307693,0.049777777777777775,16
67,1,0.00012731458991765976,0.003825949039310217,0.07692307692307693,0.049777777777777775,16
67,1,0.00012731458991765976,0.0038259606808423996,0.07692307692307693,0.049777777777777775,16
67,1,0.00012731458991765976,0.0038264584727585316,0.07692307692307693,0.049777777777777775,16
67,1,0.00012731458991765976,0.0038264701142907143,0.07692307692307693,0.049777777777777775,16
67,1,0.00012731458991765976,0.0038264812901616096,0.07692307692307693,0.049777777777777775,16
67,1,0.00012731458991765976,0.0038264929316937923,0.07692307692307693,0.049777777777777775,16
67,1,0.00012731458991765976,0.0038265162147581577,0.07692307692307693,0.049777777777777775,16
67,1,0.00012731458991765976,0.0038265278562903404,0.07692307692307693,0.049777777777777775,16
67,1,0.00012731458991765976,0.003826539497822523,0.07692307692307693,0.049777777777777775,16
67,1,0.00012731458991765976,0.0004152893088757992,0.07692307692307693,0.049777777777777775,16
67,1,0.00012731458991765976,0.00041530095040798187,0.07692307692307693,0.049777777777777775,16
67,1,0.00012731458991765976,0.003826562315225601,0.07692307692307693,0.049777777777777775,16
67,1,0.00012731458991765976,0.003826573956757784,0.07692307692307693,0.049777777777777775,16
67,1,0.00012731458991765976,0.0038265855982899666,0.07692307692307693,0.049777777777777775,16
67,1,0.00012731458991765976,0.0038265972398221493,0.07692307692307693,0.049777777777777775,16
67,1,0.00012731458991765976,0.003826608881354332,0.07692307692307693,0.049777777777777775,16
67,1,0.00012731458991765976,0.0038266205228865147,0.07692307692307693,0.049777777777777775,16
67,1,0.00012731458991765976,0.0038266205228865147,0.07692307692307693,0.049777777777777775,16
67,1,0.00012731458991765976,0.0038266321644186974,0.07692307692307693,0.049777777777777775,16
67,1,0.00012731458991765976,0.0038266433402895927,0.07692307692307693,0.049777777777777775,16
67,1,0.00012731458991765976,0.0038266549818217754,0.07692307692307693,0.049777777777777775,16
67,1,0.00012731458991765976,0.003826666623353958,0.07692307692307693,0.049777777777777775,16
67,1,0.00013888906687498093,0.004106446634978056,0.07692307692307693,0.049777777777777775,16
67,1,0.00013888906687498093,0.004106446634978056,0.07692307692307693,0.049777777777777775,16
67,1,0.00013888906687498093,0.004106458276510239,0.07692307692307693,0.049777777777777775,16
67,1,0.00013888906687498093,0.004106458276510239,0.07692307692307693,0.049777777777777775,16
67,1,0.00013888906687498093,0.004106469918042421,0.07692307692307693,0.049777777777777775,16
67,1,0.00013888906687498093,0.004106469918042421,0.07692307692307693,0.049777777777777775,16
67,1,0.00013888906687498093,0.004106481559574604,0.07692307692307693,0.049777777777777775,16
67,1,0.00013888906687498093,0.004106481559574604,0.07692307692307693,0.049777777777777775,16
67,1,0.00013888906687498093,0.004106493201106787,0.07692307692307693,0.049777777777777775,16
67,1,0.00013888906687498093,0.004106493201106787,0.07692307692307693,0.049777777777777775,16
67,1,0.00013888906687498093,0.004106493201106787,0.07692307692307693,0.049777777777777775,16
67,1,0.00013888906687498093,0.004106493201106787,0.07692307692307693,0.049777777777777775,16
67,1,0.00013888906687498093,0.004106504842638969,0.07692307692307693,0.049777777777777775,16
67,1,0.00013888906687498093,0.004106504842638969,0.07692307692307693,0.049777777777777775,16
67,1,0.00013888906687498093,0.004106516018509865,0.07692307692307693,0.049777777777777775,16
67,1,0.00013888906687498093,0.004106516018509865,0.07692307692307693,0.049777777777777775,16
67,1,0.00013888906687498093,0.0041065276600420475,0.07692307692307693,0.049777777777777775,16
67,1,0.00013888906687498093,0.0041065276600420475,0.07692307692307693,0.049777777777777775,16
67,1,0.00013888906687498093,0.00410653930157423,0.07692307692307693,0.049777777777777775,16
67,1,0.00013888906687498093,0.00410653930157423,0.07692307692307693,0.049777777777777775,16
67,1,0.00013888906687498093,0.004106550943106413,0.07692307692307693,0.049777777777777775,16
67,1,0.00013888906687498093,0.004106550943106413,0.07692307692307693,0.049777777777777775,16
67,1,0.00013888906687498093,0.004106562584638596,0.07692307692307693,0.049777777777777775,16
67,1,0.00013888906687498093,0.004106562584638596,0.07692307692307693,0.049777777777777775,16
67,1,0.00013888906687498093,0.004106562584638596,0.07692307692307693,0.049777777777777775,16
67,1,0.00013888906687498093,0.004106562584638596,0.07692307692307693,0.049777777777777775,16
67,1,0.00013888906687498093,0.004106574226170778,0.07692307692307693,0.049777777777777775,16
67,1,0.00013888906687498093,0.004106574226170778,0.07692307692307693,0.049777777777777775,16
67,1,0.00013888906687498093,0.004106585867702961,0.07692307692307693,0.049777777777777775,16
67,1,0.00013888906687498093,0.004106585867702961,0.07692307692307693,0.049777777777777775,16
67,1,0.00013888906687498093,0.004106597043573856,0.07692307692307693,0.049777777777777775,16
67,1,0.00013888906687498093,0.004106597043573856,0.07692307692307693,0.049777777777777775,16
67,1,0.00013888906687498093,0.004106597043573856,0.07692307692307693,0.049777777777777775,16
67,1,0.00013888906687498093,0.004106597043573856,0.07692307692307693,0.049777777777777775,16
67,1,0.00013888906687498093,0.004106608685106039,0.07692307692307693,0.049777777777777775,16
67,1,0.00013888906687498093,0.004106608685106039,0.07692307692307693,0.049777777777777775,16
67,1,0.00013888906687498093,0.004106620326638222,0.07692307692307693,0.049777777777777775,16
67,1,0.00013888906687498093,0.004106620326638222,0.07692307692307693,0.049777777777777775,16
67,1,0.00013888906687498093,0.0041066319681704044,0.07692307692307693,0.049777777777777775,16
67,1,0.00013888906687498093,0.0041066319681704044,0.07692307692307693,0.049777777777777775,16
67,1,0.00013888906687498093,0.004107164219021797,0.07692307692307693,0.049777777777777775,16
67,1,0.00013888906687498093,0.004107164219021797,0.07692307692307693,0.049777777777777775,16
67,1,0.00013888906687498093,0.00410717586055398,0.07692307692307693,0.049777777777777775,16
67,1,0.00013888906687498093,0.00410717586055398,0.07692307692307693,0.049777777777777775,16
67,1,0.00013888906687498093,0.004107187502086163,0.07692307692307693,0.049777777777777775,16
67,1,0.00013888906687498093,0.004107187502086163,0.07692307692307693,0.049777777777777775,16
67,1,0.00013888906687498093,0.004107199143618345,0.07692307692307693,0.049777777777777775,16
67,1,0.00013888906687498093,0.004107199143618345,0.07692307692307693,0.049777777777777775,16
67,1,0.00013888906687498093,0.004107210785150528,0.07692307692307693,0.049777777777777775,16
67,1,0.00013888906687498093,0.004107210785150528,0.07692307692307693,0.049777777777777775,16
67,1,0.00013888906687498093,0.004107210785150528,0.07692307692307693,0.049777777777777775,16
67,1,0.00013888906687498093,0.004107210785150528,0.07692307692307693,0.049777777777777775,16
67,1,0.00013888906687498093,0.004107222426682711,0.07692307692307693,0.049777777777777775,16
67,1,0.00013888906687498093,0.004107222426682711,0.07692307692307693,0.049777777777777775,16
67,1,0.00013888906687498093,0.004107233602553606,0.07692307692307693,0.049777777777777775,16
67,1,0.00013888906687498093,0.004107233602553606,0.07692307692307693,0.049777777777777775,16
67,1,0.00013888906687498093,0.004107245244085789,0.07692307692307693,0.049777777777777775,16
67,1,0.00013888906687498093,0.004107245244085789,0.07692307692307693,0.049777777777777775,16
67,1,0.00013888906687498093,0.0007035993039608002,0.07692307692307693,0.049777777777777775,16
67,1,0.00013888906687498093,0.0007035993039608002,0.07692307692307693,0.049777777777777775,16
67,1,0.00013888906687498093,0.004107268527150154,0.07692307692307693,0.049777777777777775,16
67,1,0.00013888906687498093,0.004107268527150154,0.07692307692307693,0.049777777777777775,16
67,1,0.00013888906687498093,0.004107280168682337,0.07692307692307693,0.049777777777777775,16
67,1,0.00013888906687498093,0.004107280168682337,0.07692307692307693,0.049777777777777775,16
67,1,0.00013888906687498093,0.004107303451746702,0.07692307692307693,0.049777777777777775,16
67,1,0.00013888906687498093,0.004107303451746702,0.07692307692307693,0.049777777777777775,16
67,1,0.00013888906687498093,0.004107314627617598,0.07692307692307693,0.049777777777777775,16
67,1,0.00013888906687498093,0.004107314627617598,0.07692307692307693,0.049777777777777775,16
67,1,0.00013888906687498093,0.00410732626914978,0.07692307692307693,0.049777777777777775,16
67,1,0.00013888906687498093,0.00410732626914978,0.07692307692307693,0.049777777777777775,16
67,1,0.00013888906687498093,0.004107337910681963,0.07692307692307693,0.049777777777777775,16
67,1,0.00013888906687498093,0.004107337910681963,0.07692307692307693,0.049777777777777775,16
67,1,0.00013888906687498093,0.004107349552214146,0.07692307692307693,0.049777777777777775,16
67,1,0.00013888906687498093,0.004107349552214146,0.07692307692307693,0.049777777777777775,16
67,1,0.00013888906687498093,0.004107361193746328,0.07692307692307693,0.049777777777777775,16
67,1,0.00013888906687498093,0.004107361193746328,0.07692307692307693,0.049777777777777775,16
67,1,0.00013888906687498093,0.004107372835278511,0.07692307692307693,0.049777777777777775,16
67,1,0.00013888906687498093,0.004107372835278511,0.07692307692307693,0.049777777777777775,16
67,1,0.00013888906687498093,0.004107384476810694,0.07692307692307693,0.049777777777777775,16
67,1,0.00013888906687498093,0.004107384476810694,0.07692307692307693,0.049777777777777775,16
67,1,0.00013888906687498093,0.004107974469661713,0.07692307692307693,0.049777777777777775,16
67,1,0.00013888906687498093,0.004107974469661713,0.07692307692307693,0.049777777777777775,16
67,1,0.00013888906687498093,0.004107986111193895,0.07692307692307693,0.049777777777777775,16
67,1,0.00013888906687498093,0.004107986111193895,0.07692307692307693,0.049777777777777775,16
67,1,0.00013888906687498093,0.004108009394258261,0.07692307692307693,0.049777777777777775,16
67,1,0.00013888906687498093,0.004108009394258261,0.07692307692307693,0.049777777777777775,16
67,1,0.00013888906687498093,0.004108021035790443,0.07692307692307693,0.049777777777777775,16
67,1,0.00013888906687498093,0.004108021035790443,0.07692307692307693,0.049777777777777775,16
67,1,0.00013888906687498093,0.004108032211661339,0.07692307692307693,0.049777777777777775,16
67,1,0.00013888906687498093,0.004108032211661339,0.07692307692307693,0.049777777777777775,16
67,1,0.00013888906687498093,0.0041080438531935215,0.07692307692307693,0.049777777777777775,16
67,1,0.00013888906687498093,0.0041080438531935215,0.07692307692307693,0.049777777777777775,16
67,1,0.00013888906687498093,0.004108055494725704,0.07692307692307693,0.049777777777777775,16
67,1,0.00013888906687498093,0.004108055494725704,0.07692307692307693,0.049777777777777775,16
67,1,0.00013888906687498093,0.004108067136257887,0.07692307692307693,0.049777777777777775,16
67,1,0.00013888906687498093,0.004108067136257887,0.07692307692307693,0.049777777777777775,16
67,1,0.00013888906687498093,0.00410807877779007,0.07692307692307693,0.049777777777777775,16
67,1,0.00013888906687498093,0.00410807877779007,0.07692307692307693,0.049777777777777775,16
67,1,0.00013888906687498093,0.00410807877779007,0.07692307692307693,0.049777777777777775,16
67,1,0.00013888906687498093,0.00410807877779007,0.07692307692307693,0.049777777777777775,16
67,1,0.00013888906687498093,0.004108090419322252,0.07692307692307693,0.049777777777777775,16
67,1,0.00013888906687498093,0.004108090419322252,0.07692307692307693,0.049777777777777775,16
67,1,0.00013888906687498093,0.004108102060854435,0.07692307692307693,0.049777777777777775,16
67,1,0.00013888906687498093,0.004108102060854435,0.07692307692307693,0.049777777777777775,16
67,1,0.00013888906687498093,0.00410811323672533,0.07692307692307693,0.049777777777777775,16
67,1,0.00013888906687498093,0.00410811323672533,0.07692307692307693,0.049777777777777775,16
67,1,0.00013888906687498093,0.004108124878257513,0.07692307692307693,0.049777777777777775,16
67,1,0.00013888906687498093,0.004108124878257513,0.07692307692307693,0.049777777777777775,16
67,1,0.00013888906687498093,0.004108136519789696,0.07692307692307693,0.049777777777777775,16
67,1,0.00013888906687498093,0.004108136519789696,0.07692307692307693,0.049777777777777775,16
67,1,0.00013888906687498093,0.004108148161321878,0.07692307692307693,0.049777777777777775,16
67,1,0.00013888906687498093,0.004108148161321878,0.07692307692307693,0.049777777777777775,16
67,1,0.00013888906687498093,0.004108171444386244,0.07692307692307693,0.049777777777777775,16
67,1,0.00013888906687498093,0.004108171444386244,0.07692307692307693,0.049777777777777775,16
67,1,0.00013888906687498093,0.0041081830859184265,0.07692307692307693,0.049777777777777775,16
67,1,0.00013888906687498093,0.0041081830859184265,0.07692307692307693,0.049777777777777775,16
67,1,0.00013888906687498093,0.004108194261789322,0.07692307692307693,0.049777777777777775,16
67,1,0.00013888906687498093,0.004108194261789322,0.07692307692307693,0.049777777777777775,16
67,1,0.00013888906687498093,0.004108217544853687,0.07692307692307693,0.049777777777777775,16
67,1,0.00013888906687498093,0.004108217544853687,0.07692307692307693,0.049777777777777775,16
136,0,0.00013888906687498093,0.0004891897551715374,0.009615384615384616,0.014222222222222223,16
42,0,0.00013888906687498093,0.35846086824312806,0.019230769230769232,0.012444444444444444,16
67,1,0.00013888906687498093,0.0038272798992693424,0.07692307692307693,0.049777777777777775,16
67,1,0.00013888906687498093,0.003827303182333708,0.07692307692307693,0.049777777777777775,16
67,1,0.00013888906687498093,0.0038273148238658905,0.07692307692307693,0.049777777777777775,16
67,1,0.00013888906687498093,0.003827338106930256,0.07692307692307693,0.049777777777777775,16
67,1,0.00013888906687498093,0.0038273497484624386,0.07692307692307693,0.049777777777777775,16
67,1,0.00013888906687498093,0.0038273725658655167,0.07692307692307693,0.049777777777777775,16
67,1,0.00013888906687498093,0.0038273842073976994,0.07692307692307693,0.049777777777777775,16
67,1,0.00013888906687498093,0.003827395848929882,0.07692307692307693,0.049777777777777775,16
67,1,0.00013888906687498093,0.0038274191319942474,0.07692307692307693,0.049777777777777775,16
67,1,0.00013888906687498093,0.00382743077352643,0.07692307692307693,0.049777777777777775,16
67,1,0.00013888906687498093,0.0038274419493973255,0.07692307692307693,0.049777777777777775,16
67,1,0.00013888906687498093,0.0038274419493973255,0.07692307692307693,0.049777777777777775,16
67,1,0.00013888906687498093,0.003827453590929508,0.07692307692307693,0.049777777777777775,16
67,1,0.00013888906687498093,0.003827465232461691,0.07692307692307693,0.049777777777777775,16
67,1,0.00013888906687498093,0.0038274768739938736,0.07692307692307693,0.049777777777777775,16
67,1,0.00013888906687498093,0.0038274885155260563,0.07692307692307693,0.049777777777777775,16
67,1,0.00013888906687498093,0.0038274885155260563,0.07692307692307693,0.049777777777777775,16
67,1,0.00013888906687498093,0.003827500157058239,0.07692307692307693,0.049777777777777775,16
67,1,0.00013888906687498093,0.0038275117985904217,0.07692307692307693,0.049777777777777775,16
67,1,0.00013888906687498093,0.003827522974461317,0.07692307692307693,0.049777777777777775,16
41,0,0.00015046307817101479,0.7719998261891305,0.009615384615384616,0.006222222222222222,16
41,0,0.00015046307817101479,0.7719998378306627,0.009615384615384616,0.006222222222222222,16
41,0,0.00015046307817101479,0.0013307984918355942,0.009615384615384616,0.006222222222222222,16
41,0,0.00015046307817101479,0.0013311458751559258,0.009615384615384616,0.006222222222222222,16
67,1,0.00015046307817101479,0.0041087036952376366,0.07692307692307693,0.049777777777777775,16
67,1,0.00015046307817101479,0.0041087036952376366,0.07692307692307693,0.049777777777777775,16
67,1,0.00015046307817101479,0.004108726978302002,0.07692307692307693,0.049777777777777775,16
67,1,0.00015046307817101479,0.004108726978302002,0.07692307692307693,0.049777777777777775,16
67,1,0.00015046307817101479,0.004108738619834185,0.07692307692307693,0.049777777777777775,16
67,1,0.00015046307817101479,0.004108738619834185,0.07692307692307693,0.049777777777777775,16
67,1,0.00015046307817101479,0.004108761437237263,0.07692307692307693,0.049777777777777775,16
67,1,0.00015046307817101479,0.004108761437237263,0.07692307692307693,0.049777777777777775,16
67,1,0.00015046307817101479,0.004108773078769445,0.07692307692307693,0.049777777777777775,16
67,1,0.00015046307817101479,0.004108773078769445,0.07692307692307693,0.049777777777777775,16
67,1,0.00015046307817101479,0.004108830820769072,0.07692307692307693,0.049777777777777775,16
67,1,0.00015046307817101479,0.004108830820769072,0.07692307692307693,0.049777777777777775,16
67,1,0.00015046307817101479,0.004108842462301254,0.07692307692307693,0.049777777777777775,16
67,1,0.00015046307817101479,0.004108842462301254,0.07692307692307693,0.049777777777777775,16
67,1,0.00015046307817101479,0.00410886574536562,0.07692307692307693,0.049777777777777775,16
67,1,0.00015046307817101479,0.00410886574536562,0.07692307692307693,0.049777777777777775,16
67,1,0.00015046307817101479,0.004108877386897802,0.07692307692307693,0.049777777777777775,16
67,1,0.00015046307817101479,0.004108877386897802,0.07692307692307693,0.049777777777777775,16
67,1,0.00015046307817101479,0.004108900669962168,0.07692307692307693,0.049777777777777775,16
67,1,0.00015046307817101479,0.004108900669962168,0.07692307692307693,0.049777777777777775,16
67,1,0.00015046307817101479,0.004108911845833063,0.07692307692307693,0.049777777777777775,16
67,1,0.00015046307817101479,0.004108911845833063,0.07692307692307693,0.049777777777777775,16
67,1,0.00015046307817101479,0.004108923487365246,0.07692307692307693,0.049777777777777775,16
67,1,0.00015046307817101479,0.004108923487365246,0.07692307692307693,0.049777777777777775,16
67,1,0.00015046307817101479,0.0041089351288974285,0.07692307692307693,0.049777777777777775,16
67,1,0.00015046307817101479,0.0041089351288974285,0.07692307692307693,0.049777777777777775,16
67,1,0.00015046307817101479,0.004108946770429611,0.07692307692307693,0.049777777777777775,16
67,1,0.00015046307817101479,0.004108946770429611,0.07692307692307693,0.049777777777777775,16
67,1,0.00015046307817101479,0.004108958411961794,0.07692307692307693,0.049777777777777775,16
67,1,0.00015046307817101479,0.004108958411961794,0.07692307692307693,0.049777777777777775,16
67,1,0.00015046307817101479,0.004108970053493977,0.07692307692307693,0.049777777777777775,16
67,1,0.00015046307817101479,0.004108970053493977,0.07692307692307693,0.049777777777777775,16
67,1,0.00015046307817101479,0.004108981695026159,0.07692307692307693,0.049777777777777775,16
67,1,0.00015046307817101479,0.004108981695026159,0.07692307692307693,0.049777777777777775,16
67,1,0.00015046307817101479,0.004108981695026159,0.07692307692307693,0.049777777777777775,16
67,1,0.00015046307817101479,0.004108981695026159,0.07692307692307693,0.049777777777777775,16
67,1,0.00015046307817101479,0.004108992870897055,0.07692307692307693,0.049777777777777775,16
67,1,0.00015046307817101479,0.004108992870897055,0.07692307692307693,0.049777777777777775,16
67,1,0.00015046307817101479,0.004109004512429237,0.07692307692307693,0.049777777777777775,16
67,1,0.00015046307817101479,0.004109004512429237,0.07692307692307693,0.049777777777777775,16
42,0,0.00016203708946704865,0.01387152774259448,0.019230769230769232,0.012444444444444444,16
42,0,0.00016203708946704865,0.01387152774259448,0.019230769230769232,0.012444444444444444,16
42,0,0.00016203708946704865,0.01387152774259448,0.019230769230769232,0.012444444444444444,16
42,0,0.00016203708946704865,0.01387152774259448,0.019230769230769232,0.012444444444444444,16
42,0,0.00016203708946704865,0.01387152774259448,0.019230769230769232,0.012444444444444444,16
42,0,0.00016203708946704865,0.01387152774259448,0.019230769230769232,0.012444444444444444,16
116,0,0.00016203708946704865,0.00967917824164033,0.006730769230769231,0.0071111111111111115,16
116,0,0.00016203708946704865,0.009679189883172512,0.006730769230769231,0.0071111111111111115,16
67,1,0.00016203708946704865,0.00393369235098362,0.07692307692307693,0.049777777777777775,16
67,1,0.00016203708946704865,0.003933703526854515,0.07692307692307693,0.049777777777777775,16
67,1,0.00016203708946704865,0.003933715168386698,0.07692307692307693,0.049777777777777775,16
67,1,0.00016203708946704865,0.0039337268099188805,0.07692307692307693,0.049777777777777775,16
67,1,0.00016203708946704865,0.003933738451451063,0.07692307692307693,0.049777777777777775,16
67,1,0.00016203708946704865,0.003933750092983246,0.07692307692307693,0.049777777777777775,16
67,1,0.00016203708946704865,0.0039337617345154285,0.07692307692307693,0.049777777777777775,16
67,1,0.00016203708946704865,,0.07692307692307693,0.049777777777777775,16
67,1,0.00016203708946704865,0.003933773376047611,0.07692307692307693,0.049777777777777775,16
67,1,0.00016203708946704865,0.003933784551918507,0.07692307692307693,0.049777777777777775,16
67,1,0.00016203708946704865,0.003933796193450689,0.07692307692307693,0.049777777777777775,16
67,1,0.00016203708946704865,0.003933807834982872,0.07692307692307693,0.049777777777777775,16
67,1,0.00016203708946704865,0.003933807834982872,0.07692307692307693,0.049777777777777775,16
67,1,0.00016203708946704865,0.003933819476515055,0.07692307692307693,0.049777777777777775,16
67,1,0.00016203708946704865,0.0007555903866887093,0.07692307692307693,0.049777777777777775,16
67,1,0.00016203708946704865,0.00393384275957942,0.07692307692307693,0.049777777777777775,16
67,1,0.00016203708946704865,0.00393384275957942,0.07692307692307693,0.049777777777777775,16
67,1,0.00016203708946704865,0.0009671528823673725,0.07692307692307693,0.049777777777777775,16
67,1,0.00016203708946704865,0.0009671528823673725,0.07692307692307693,0.049777777777777775,16
67,1,0.00016203708946704865,0.003933865576982498,0.07692307692307693,0.049777777777777775,16
67,1,0.00016203708946704865,0.003935381770133972,0.07692307692307693,0.049777777777777775,16
67,1,0.00016203708946704865,0.003935393411666155,0.07692307692307693,0.049777777777777775,16
67,1,0.00016203708946704865,0.0039354050531983376,0.07692307692307693,0.049777777777777775,16
67,1,0.00016203708946704865,0.00393541669473052,0.07692307692307693,0.049777777777777775,16
67,1,0.00016203708946704865,0.003935428336262703,0.07692307692307693,0.049777777777777775,16
67,1,0.00016203708946704865,,0.07692307692307693,0.049777777777777775,16
67,1,0.00016203708946704865,0.003935439977794886,0.07692307692307693,0.049777777777777775,16
67,1,0.00016203708946704865,0.003935451619327068,0.07692307692307693,0.049777777777777775,16
67,1,0.00016203708946704865,0.003935462795197964,0.07692307692307693,0.049777777777777775,16
67,1,0.00016203708946704865,,0.07692307692307693,0.049777777777777775,16
67,1,0.00016203708946704865,,0.07692307692307693,0.049777777777777775,16
67,1,0.00016203708946704865,0.0007555787451565266,0.07692307692307693,0.049777777777777775,16
67,1,0.00016203708946704865,0.003935486078262329,0.07692307692307693,0.049777777777777775,16
67,1,0.00016203708946704865,0.003935486078262329,0.07692307692307693,0.049777777777777775,16
67,1,0.00016203708946704865,0.003935497719794512,0.07692307692307693,0.049777777777777775,16
67,1,0.00016203708946704865,0.0039355093613266945,0.07692307692307693,0.049777777777777775,16
67,1,0.00016203708946704865,0.003935521002858877,0.07692307692307693,0.049777777777777775,16
67,1,0.00016203708946704865,0.003935532178729773,0.07692307692307693,0.049777777777777775,16
67,1,0.00016203708946704865,0.003935543820261955,0.07692307692307693,0.049777777777777775,16
67,1,0.00016203708946704865,0.003935543820261955,0.07692307692307693,0.049777777777777775,16
67,1,0.00016203708946704865,0.003936088178306818,0.07692307692307693,0.049777777777777775,16
67,1,0.00016203708946704865,0.003936099354177713,0.07692307692307693,0.049777777777777775,16
67,1,0.00016203708946704865,0.003936122637242079,0.07692307692307693,0.049777777777777775,16
67,1,0.00016203708946704865,0.0039361342787742615,0.07692307692307693,0.049777777777777775,16
67,1,0.00016203708946704865,0.003936145920306444,0.07692307692307693,0.049777777777777775,16
67,1,0.00016203708946704865,0.003936157561838627,0.07692307692307693,0.049777777777777775,16
67,1,0.00016203708946704865,0.0039361692033708096,0.07692307692307693,0.049777777777777775,16
67,1,0.00016203708946704865,0.003936180379241705,0.07692307692307693,0.049777777777777775,16
67,1,0.00016203708946704865,0.00393620366230607,0.07692307692307693,0.049777777777777775,16
67,1,0.00016203708946704865,0.003936215303838253,0.07692307692307693,0.049777777777777775,16
67,1,0.00016203708946704865,,0.07692307692307693,0.049777777777777775,16
67,1,0.00016203708946704865,0.003936238586902618,0.07692307692307693,0.049777777777777775,16
67,1,0.00016203708946704865,0.003936250228434801,0.07692307692307693,0.049777777777777775,16
67,1,0.00016203708946704865,0.0039362614043056965,0.07692307692307693,0.049777777777777775,16
67,1,0.00016203708946704865,0.003936273045837879,0.07692307692307693,0.049777777777777775,16
67,1,0.00016203708946704865,0.0011081942357122898,0.07692307692307693,0.049777777777777775,16
67,1,0.00016203708946704865,0.0011081942357122898,0.07692307692307693,0.049777777777777775,16
67,1,0.00016203708946704865,0.0007555787451565266,0.07692307692307693,0.049777777777777775,16
67,1,0.00016203708946704865,0.003936307970434427,0.07692307692307693,0.049777777777777775,16
67,1,0.00016203708946704865,0.00393631961196661,0.07692307692307693,0.049777777777777775,16
140,0,0.00016203708946704865,0.1877229860983789,0.038461538461538464,0.05688888888888889,16
67,1,0.0001736111007630825,0.004233228974044323,0.07692307692307693,0.049777777777777775,16
67,1,0.0001736111007630825,0.004233228974044323,0.07692307692307693,0.049777777777777775,16
67,1,0.0001736111007630825,0.004233228974044323,0.07692307692307693,0.049777777777777775,16
67,1,0.0001736111007630825,0.004233228974044323,0.07692307692307693,0.049777777777777775,16
67,1,0.0001736111007630825,0.004233240615576506,0.07692307692307693,0.049777777777777775,16
67,1,0.0001736111007630825,0.004233240615576506,0.07692307692307693,0.049777777777777775,16
67,1,0.0001736111007630825,0.004233240615576506,0.07692307692307693,0.049777777777777775,16
67,1,0.0001736111007630825,0.004233240615576506,0.07692307692307693,0.049777777777777775,16
67,1,0.0001736111007630825,0.004233240615576506,0.07692307692307693,0.049777777777777775,16
67,1,0.0001736111007630825,0.004233240615576506,0.07692307692307693,0.049777777777777775,16
67,1,0.0001736111007630825,0.004233240615576506,0.07692307692307693,0.049777777777777775,16
67,1,0.0001736111007630825,0.004233240615576506,0.07692307692307693,0.049777777777777775,16
67,1,0.0001736111007630825,0.004233252257108688,0.07692307692307693,0.049777777777777775,16
67,1,0.0001736111007630825,0.004233252257108688,0.07692307692307693,0.049777777777777775,16
67,1,0.0001736111007630825,0.004233252257108688,0.07692307692307693,0.049777777777777775,16
67,1,0.0001736111007630825,0.004233252257108688,0.07692307692307693,0.049777777777777775,16
67,1,0.0001736111007630825,0.004233263898640871,0.07692307692307693,0.049777777777777775,16
67,1,0.0001736111007630825,0.004233263898640871,0.07692307692307693,0.049777777777777775,16
67,1,0.0001736111007630825,0.004233263898640871,0.07692307692307693,0.049777777777777775,16
67,1,0.0001736111007630825,0.004233263898640871,0.07692307692307693,0.049777777777777775,16
67,1,0.0001736111007630825,0.004233275540173054,0.07692307692307693,0.049777777777777775,16
67,1,0.0001736111007630825,0.004233275540173054,0.07692307692307693,0.049777777777777775,16
67,1,0.0001736111007630825,0.004233275540173054,0.07692307692307693,0.049777777777777775,16
67,1,0.0001736111007630825,0.004233275540173054,0.07692307692307693,0.049777777777777775,16
67,1,0.0001736111007630825,0.0009976504370570183,0.07692307692307693,0.049777777777777775,16
67,1,0.0001736111007630825,0.0009976504370570183,0.07692307692307693,0.049777777777777775,16
67,1,0.0001736111007630825,0.0009976504370570183,0.07692307692307693,0.049777777777777775,16
67,1,0.0001736111007630825,0.0009976504370570183,0.07692307692307693,0.049777777777777775,16
67,1,0.0001736111007630825,0.0042332871817052364,0.07692307692307693,0.049777777777777775,16
67,1,0.0001736111007630825,0.0042332871817052364,0.07692307692307693,0.049777777777777775,16
67,1,0.0001736111007630825,0.0042332871817052364,0.07692307692307693,0.049777777777777775,16
67,1,0.0001736111007630825,0.0042332871817052364,0.07692307692307693,0.049777777777777775,16
67,1,0.0001736111007630825,0.004233298823237419,0.07692307692307693,0.049777777777777775,16
67,1,0.0001736111007630825,0.004233298823237419,0.07692307692307693,0.049777777777777775,16
67,1,0.0001736111007630825,0.004233298823237419,0.07692307692307693,0.049777777777777775,16
67,1,0.0001736111007630825,0.004233298823237419,0.07692307692307693,0.049777777777777775,16
67,1,0.0001736111007630825,0.0042333099991083145,0.07692307692307693,0.049777777777777775,16
67,1,0.0001736111007630825,0.0042333099991083145,0.07692307692307693,0.049777777777777775,16
67,1,0.0001736111007630825,0.0042333099991083145,0.07692307692307693,0.049777777777777775,16
67,1,0.0001736111007630825,0.0042333099991083145,0.07692307692307693,0.049777777777777775,16
67,1,0.0001736111007630825,0.0042333099991083145,0.07692307692307693,0.049777777777777775,16
67,1,0.0001736111007630825,0.0042333099991083145,0.07692307692307693,0.049777777777777775,16
67,1,0.0001736111007630825,0.0042333099991083145,0.07692307692307693,0.049777777777777775,16
67,1,0.0001736111007630825,0.0042333099991083145,0.07692307692307693,0.049777777777777775,16
67,1,0.0001736111007630825,0.004233321640640497,0.07692307692307693,0.049777777777777775,16
67,1,0.0001736111007630825,0.004233321640640497,0.07692307692307693,0.049777777777777775,16
67,1,0.0001736111007630825,0.004233321640640497,0.07692307692307693,0.049777777777777775,16
67,1,0.0001736111007630825,0.004233321640640497,0.07692307692307693,0.049777777777777775,16
67,1,0.0001736111007630825,0.00423333328217268,0.07692307692307693,0.049777777777777775,16
67,1,0.0001736111007630825,0.00423333328217268,0.07692307692307693,0.049777777777777775,16
67,1,0.0001736111007630825,0.00423333328217268,0.07692307692307693,0.049777777777777775,16
67,1,0.0001736111007630825,0.00423333328217268,0.07692307692307693,0.049777777777777775,16
67,1,0.0001736111007630825,0.004233344923704863,0.07692307692307693,0.049777777777777775,16
67,1,0.0001736111007630825,0.004233344923704863,0.07692307692307693,0.049777777777777775,16
67,1,0.0001736111007630825,0.004233344923704863,0.07692307692307693,0.049777777777777775,16
67,1,0.0001736111007630825,0.004233344923704863,0.07692307692307693,0.049777777777777775,16
67,1,0.0001736111007630825,0.004233356565237045,0.07692307692307693,0.049777777777777775,16
67,1,0.0001736111007630825,0.004233356565237045,0.07692307692307693,0.049777777777777775,16
67,1,0.0001736111007630825,0.004233356565237045,0.07692307692307693,0.049777777777777775,16
67,1,0.0001736111007630825,0.004233356565237045,0.07692307692307693,0.049777777777777775,16
67,1,0.0001736111007630825,0.004233368206769228,0.07692307692307693,0.049777777777777775,16
67,1,0.0001736111007630825,0.004233368206769228,0.07692307692307693,0.049777777777777775,16
67,1,0.0001736111007630825,0.004233368206769228,0.07692307692307693,0.049777777777777775,16
67,1,0.0001736111007630825,0.004233368206769228,0.07692307692307693,0.049777777777777775,16
67,1,0.0001736111007630825,0.004233379848301411,0.07692307692307693,0.049777777777777775,16
67,1,0.0001736111007630825,0.004233379848301411,0.07692307692307693,0.049777777777777775,16
67,1,0.0001736111007630825,0.004233379848301411,0.07692307692307693,0.049777777777777775,16
67,1,0.0001736111007630825,0.004233379848301411,0.07692307692307693,0.049777777777777775,16
67,1,0.0001736111007630825,0.004233391024172306,0.07692307692307693,0.049777777777777775,16
67,1,0.0001736111007630825,0.004233391024172306,0.07692307692307693,0.049777777777777775,16
67,1,0.0001736111007630825,0.004233391024172306,0.07692307692307693,0.049777777777777775,16
67,1,0.0001736111007630825,0.004233391024172306,0.07692307692307693,0.049777777777777775,16
67,1,0.0001736111007630825,0.004233391024172306,0.07692307692307693,0.049777777777777775,16
67,1,0.0001736111007630825,0.004233391024172306,0.07692307692307693,0.049777777777777775,16
67,1,0.0001736111007630825,0.004233391024172306,0.07692307692307693,0.049777777777777775,16
67,1,0.0001736111007630825,0.004233391024172306,0.07692307692307693,0.049777777777777775,16
67,1,0.0001736111007630825,0.004233402665704489,0.07692307692307693,0.049777777777777775,16
67,1,0.0001736111007630825,0.004233402665704489,0.07692307692307693,0.049777777777777775,16
67,1,0.0001736111007630825,0.004233402665704489,0.07692307692307693,0.049777777777777775,16
67,1,0.0001736111007630825,0.004233402665704489,0.07692307692307693,0.049777777777777775,16
67,1,0.0001736111007630825,0.003830393310636282,0.07692307692307693,0.049777777777777775,16
67,1,0.0001736111007630825,0.003830393310636282,0.07692307692307693,0.049777777777777775,16
67,1,0.0001736111007630825,0.0038304049521684647,0.07692307692307693,0.049777777777777775,16
67,1,0.0001736111007630825,0.0038304049521684647,0.07692307692307693,0.049777777777777775,16
67,1,0.0001736111007630825,0.0038304165937006474,0.07692307692307693,0.049777777777777775,16
67,1,0.0001736111007630825,0.0038304165937006474,0.07692307692307693,0.049777777777777775,16
67,1,0.0001736111007630825,0.00383042823523283,0.07692307692307693,0.049777777777777775,16
67,1,0.0001736111007630825,0.00383042823523283,0.07692307692307693,0.049777777777777775,16
67,1,0.0001736111007630825,0.0038304398767650127,0.07692307692307693,0.049777777777777775,16
67,1,0.0001736111007630825,0.0038304398767650127,0.07692307692307693,0.049777777777777775,16
67,1,0.0001736111007630825,0.0038304398767650127,0.07692307692307693,0.049777777777777775,16
67,1,0.0001736111007630825,0.0038304398767650127,0.07692307692307693,0.049777777777777775,16
67,1,0.0001736111007630825,0.0038304515182971954,0.07692307692307693,0.049777777777777775,16
67,1,0.0001736111007630825,0.0038304515182971954,0.07692307692307693,0.049777777777777775,16
67,1,0.0001736111007630825,0.003830485977232456,0.07692307692307693,0.049777777777777775,16
67,1,0.0001736111007630825,0.003830485977232456,0.07692307692307693,0.049777777777777775,16
67,1,0.0001736111007630825,0.003830497618764639,0.07692307692307693,0.049777777777777775,16
67,1,0.0001736111007630825,0.003830497618764639,0.07692307692307693,0.049777777777777775,16
67,1,0.0001736111007630825,0.003830497618764639,0.07692307692307693,0.049777777777777775,16
67,1,0.0001736111007630825,0.003830497618764639,0.07692307692307693,0.049777777777777775,16
67,1,0.0001736111007630825,0.0038305092602968216,0.07692307692307693,0.049777777777777775,16
67,1,0.0001736111007630825,0.0038305092602968216,0.07692307692307693,0.049777777777777775,16
67,1,0.0001736111007630825,0.0038305209018290043,0.07692307692307693,0.049777777777777775,16
67,1,0.0001736111007630825,0.0038305209018290043,0.07692307692307693,0.049777777777777775,16
67,1,0.0001736111007630825,0.003830532543361187,0.07692307692307693,0.049777777777777775,16
67,1,0.0001736111007630825,0.003830532543361187,0.07692307692307693,0.049777777777777775,16
67,1,0.0001736111007630825,0.0038305786438286304,0.07692307692307693,0.049777777777777775,16
67,1,0.0001736111007630825,0.0038305786438286304,0.07692307692307693,0.049777777777777775,16
67,1,0.0001736111007630825,0.003830590285360813,0.07692307692307693,0.049777777777777775,16
67,1,0.0001736111007630825,0.003830590285360813,0.07692307692307693,0.049777777777777775,16
67,1,0.0001736111007630825,0.003830590285360813,0.07692307692307693,0.049777777777777775,16
67,1,0.0001736111007630825,0.003830590285360813,0.07692307692307693,0.049777777777777775,16
67,1,0.0001736111007630825,0.003830601926892996,0.07692307692307693,0.049777777777777775,16
67,1,0.0001736111007630825,0.003830601926892996,0.07692307692307693,0.049777777777777775,16
67,1,0.0001736111007630825,0.0038306135684251785,0.07692307692307693,0.049777777777777775,16
67,1,0.0001736111007630825,0.0038306135684251785,0.07692307692307693,0.049777777777777775,16
67,1,0.0001736111007630825,,0.07692307692307693,0.049777777777777775,16
67,1,0.0001736111007630825,,0.07692307692307693,0.049777777777777775,16
67,1,0.0001736111007630825,0.0038306363858282566,0.07692307692307693,0.049777777777777775,16
67,1,0.0001736111007630825,0.0038306363858282566,0.07692307692307693,0.049777777777777775,16
42,0,0.00018518511205911636,0.00797574082389474,0.019230769230769232,0.012444444444444444,16
67,1,0.00018518511205911636,0.0038357293233275414,0.07692307692307693,0.049777777777777775,16
67,1,0.00018518511205911636,0.0038357293233275414,0.07692307692307693,0.049777777777777775,16
67,1,0.00018518511205911636,0.003835740964859724,0.07692307692307693,0.049777777777777775,16
67,1,0.00018518511205911636,0.003835740964859724,0.07692307692307693,0.049777777777777775,16
67,1,0.00018518511205911636,0.0038357521407306194,0.07692307692307693,0.049777777777777775,16
67,1,0.00018518511205911636,0.0038357521407306194,0.07692307692307693,0.049777777777777775,16
67,1,0.00018518511205911636,0.003835763782262802,0.07692307692307693,0.049777777777777775,16
67,1,0.00018518511205911636,0.003835763782262802,0.07692307692307693,0.049777777777777775,16
67,1,0.00018518511205911636,0.003835775423794985,0.07692307692307693,0.049777777777777775,16
67,1,0.00018518511205911636,0.003835775423794985,0.07692307692307693,0.049777777777777775,16
67,1,0.00018518511205911636,0.0038357870653271675,0.07692307692307693,0.049777777777777775,16
67,1,0.00018518511205911636,0.0038357870653271675,0.07692307692307693,0.049777777777777775,16
67,1,0.00018518511205911636,0.00383579870685935,0.07692307692307693,0.049777777777777775,16
67,1,0.00018518511205911636,0.00383579870685935,0.07692307692307693,0.049777777777777775,16
67,1,0.00018518511205911636,0.00383579870685935,0.07692307692307693,0.049777777777777775,16
67,1,0.00018518511205911636,0.00383579870685935,0.07692307692307693,0.049777777777777775,16
67,1,0.00018518511205911636,0.003835810348391533,0.07692307692307693,0.049777777777777775,16
67,1,0.00018518511205911636,0.003835810348391533,0.07692307692307693,0.049777777777777775,16
67,1,0.00018518511205911636,0.0038358219899237156,0.07692307692307693,0.049777777777777775,16
67,1,0.00018518511205911636,0.0038358219899237156,0.07692307692307693,0.049777777777777775,16
67,1,0.00018518511205911636,0.003835833165794611,0.07692307692307693,0.049777777777777775,16
67,1,0.00018518511205911636,0.003835833165794611,0.07692307692307693,0.049777777777777775,16
67,1,0.00018518511205911636,0.0038358448073267937,0.07692307692307693,0.049777777777777775,16
67,1,0.00018518511205911636,0.0038358448073267937,0.07692307692307693,0.049777777777777775,16
67,1,0.00018518511205911636,0.0038358448073267937,0.07692307692307693,0.049777777777777775,16
67,1,0.00018518511205911636,0.0038358448073267937,0.07692307692307693,0.049777777777777775,16
67,1,0.00018518511205911636,0.0038358564488589764,0.07692307692307693,0.049777777777777775,16
67,1,0.00018518511205911636,0.0038358564488589764,0.07692307692307693,0.049777777777777775,16
67,1,0.00018518511205911636,0.003835868090391159,0.07692307692307693,0.049777777777777775,16
67,1,0.00018518511205911636,0.003835868090391159,0.07692307692307693,0.049777777777777775,16
67,1,0.00018518511205911636,0.0038358797319233418,0.07692307692307693,0.049777777777777775,16
67,1,0.00018518511205911636,0.0038358797319233418,0.07692307692307693,0.049777777777777775,16
67,1,0.00018518511205911636,0.0038358913734555244,0.07692307692307693,0.049777777777777775,16
67,1,0.00018518511205911636,0.0038358913734555244,0.07692307692307693,0.049777777777777775,16
67,1,0.00018518511205911636,0.00383590254932642,0.07692307692307693,0.049777777777777775,16
67,1,0.00018518511205911636,0.00383590254932642,0.07692307692307693,0.049777777777777775,16
67,1,0.00018518511205911636,0.00383590254932642,0.07692307692307693,0.049777777777777775,16
67,1,0.00018518511205911636,0.00383590254932642,0.07692307692307693,0.049777777777777775,16
67,1,0.00018518511205911636,0.0038359141908586025,0.07692307692307693,0.049777777777777775,16
67,1,0.00018518511205911636,0.0038359141908586025,0.07692307692307693,0.049777777777777775,16
67,1,0.00018518511205911636,0.003836400341242552,0.07692307692307693,0.049777777777777775,16
67,1,0.00018518511205911636,0.003836400341242552,0.07692307692307693,0.049777777777777775,16
67,1,0.00018518511205911636,0.0038364119827747345,0.07692307692307693,0.049777777777777775,16
67,1,0.00018518511205911636,0.0038364119827747345,0.07692307692307693,0.049777777777777775,16
67,1,0.00018518511205911636,0.003836423624306917,0.07692307692307693,0.049777777777777775,16
67,1,0.00018518511205911636,0.003836423624306917,0.07692307692307693,0.049777777777777775,16
67,1,0.00018518511205911636,0.0038364352658391,0.07692307692307693,0.049777777777777775,16
67,1,0.00018518511205911636,0.0038364352658391,0.07692307692307693,0.049777777777777775,16
67,1,0.00018518511205911636,0.0038364469073712826,0.07692307692307693,0.049777777777777775,16
67,1,0.00018518511205911636,0.0038364469073712826,0.07692307692307693,0.049777777777777775,16
67,1,0.00018518511205911636,0.0038364585489034653,0.07692307692307693,0.049777777777777775,16
67,1,0.00018518511205911636,0.0038364585489034653,0.07692307692307693,0.049777777777777775,16
67,1,0.00018518511205911636,0.0038364697247743607,0.07692307692307693,0.049777777777777775,16
67,1,0.00018518511205911636,0.0038364697247743607,0.07692307692307693,0.049777777777777775,16
67,1,0.00018518511205911636,0.0038364813663065434,0.07692307692307693,0.049777777777777775,16
67,1,0.00018518511205911636,0.0038364813663065434,0.07692307692307693,0.049777777777777775,16
67,1,0.00018518511205911636,0.003836493007838726,0.07692307692307693,0.049777777777777775,16
67,1,0.00018518511205911636,0.003836493007838726,0.07692307692307693,0.049777777777777775,16
67,1,0.00018518511205911636,0.003836493007838726,0.07692307692307693,0.049777777777777775,16
67,1,0.00018518511205911636,0.003836493007838726,0.07692307692307693,0.049777777777777775,16
67,1,0.00018518511205911636,0.0038365046493709087,0.07692307692307693,0.049777777777777775,16
67,1,0.00018518511205911636,0.0038365046493709087,0.07692307692307693,0.049777777777777775,16
67,1,0.00018518511205911636,0.0038365162909030914,0.07692307692307693,0.049777777777777775,16
67,1,0.00018518511205911636,0.0038365162909030914,0.07692307692307693,0.049777777777777775,16
67,1,0.00018518511205911636,0.003836527932435274,0.07692307692307693,0.049777777777777775,16
67,1,0.00018518511205911636,0.003836527932435274,0.07692307692307693,0.049777777777777775,16
67,1,0.00018518511205911636,0.003836539573967457,0.07692307692307693,0.049777777777777775,16
67,1,0.00018518511205911636,0.003836539573967457,0.07692307692307693,0.049777777777777775,16
67,1,0.00018518511205911636,0.003836539573967457,0.07692307692307693,0.049777777777777775,16
67,1,0.00018518511205911636,0.003836539573967457,0.07692307692307693,0.049777777777777775,16
67,1,0.00018518511205911636,0.003836550749838352,0.07692307692307693,0.049777777777777775,16
67,1,0.00018518511205911636,0.003836550749838352,0.07692307692307693,0.049777777777777775,16
67,1,0.00018518511205911636,0.003836562391370535,0.07692307692307693,0.049777777777777775,16
67,1,0.00018518511205911636,0.003836562391370535,0.07692307692307693,0.049777777777777775,16
67,1,0.00018518511205911636,0.0038365740329027176,0.07692307692307693,0.049777777777777775,16
67,1,0.00018518511205911636,0.0038365740329027176,0.07692307692307693,0.049777777777777775,16
67,1,0.00018518511205911636,0.0038365856744349003,0.07692307692307693,0.049777777777777775,16
67,1,0.00018518511205911636,0.0038365856744349003,0.07692307692307693,0.049777777777777775,16
67,1,0.00018518511205911636,0.0038365856744349003,0.07692307692307693,0.049777777777777775,16
67,1,0.00018518511205911636,0.0038365856744349003,0.07692307692307693,0.049777777777777775,16
140,0,0.00018518511205911636,0.18782141199335456,0.038461538461538464,0.05688888888888889,16
140,0,0.00018518511205911636,0.18776865722611547,0.038461538461538464,0.05688888888888889,16
97,1,0.00019675912335515022,0.012427442241460085,0.15384615384615385,0.05688888888888889,16
67,1,0.00019675912335515022,0.004233935382217169,0.07692307692307693,0.049777777777777775,16
67,1,0.00019675912335515022,0.004233935382217169,0.07692307692307693,0.049777777777777775,16
67,1,0.00019675912335515022,0.004233935382217169,0.07692307692307693,0.049777777777777775,16
67,1,0.00019675912335515022,0.004233935382217169,0.07692307692307693,0.049777777777777775,16
67,1,0.00019675912335515022,0.004233946558088064,0.07692307692307693,0.049777777777777775,16
67,1,0.00019675912335515022,0.004233946558088064,0.07692307692307693,0.049777777777777775,16
67,1,0.00019675912335515022,0.004233946558088064,0.07692307692307693,0.049777777777777775,16
67,1,0.00019675912335515022,0.004233946558088064,0.07692307692307693,0.049777777777777775,16
67,1,0.00019675912335515022,0.004233958199620247,0.07692307692307693,0.049777777777777775,16
67,1,0.00019675912335515022,0.004233958199620247,0.07692307692307693,0.049777777777777775,16
67,1,0.00019675912335515022,0.004233958199620247,0.07692307692307693,0.049777777777777775,16
67,1,0.00019675912335515022,0.004233958199620247,0.07692307692307693,0.049777777777777775,16
67,1,0.00019675912335515022,0.00423396984115243,0.07692307692307693,0.049777777777777775,16
67,1,0.00019675912335515022,0.00423396984115243,0.07692307692307693,0.049777777777777775,16
67,1,0.00019675912335515022,0.00423396984115243,0.07692307692307693,0.049777777777777775,16
67,1,0.00019675912335515022,0.00423396984115243,0.07692307692307693,0.049777777777777775,16
67,1,0.00019675912335515022,0.004233981482684612,0.07692307692307693,0.049777777777777775,16
67,1,0.00019675912335515022,0.004233981482684612,0.07692307692307693,0.049777777777777775,16
67,1,0.00019675912335515022,0.004233981482684612,0.07692307692307693,0.049777777777777775,16
67,1,0.00019675912335515022,0.004233981482684612,0.07692307692307693,0.049777777777777775,16
67,1,0.00019675912335515022,0.004233993124216795,0.07692307692307693,0.049777777777777775,16
67,1,0.00019675912335515022,0.004233993124216795,0.07692307692307693,0.049777777777777775,16
67,1,0.00019675912335515022,0.004233993124216795,0.07692307692307693,0.049777777777777775,16
67,1,0.00019675912335515022,0.004233993124216795,0.07692307692307693,0.049777777777777775,16
67,1,0.00019675912335515022,0.004234004765748978,0.07692307692307693,0.049777777777777775,16
67,1,0.00019675912335515022,0.004234004765748978,0.07692307692307693,0.049777777777777775,16
67,1,0.00019675912335515022,0.004234004765748978,0.07692307692307693,0.049777777777777775,16
67,1,0.00019675912335515022,0.004234004765748978,0.07692307692307693,0.049777777777777775,16
67,1,0.00019675912335515022,0.00423401640728116,0.07692307692307693,0.049777777777777775,16
67,1,0.00019675912335515022,0.00423401640728116,0.07692307692307693,0.049777777777777775,16
67,1,0.00019675912335515022,0.00423401640728116,0.07692307692307693,0.049777777777777775,16
67,1,0.00019675912335515022,0.00423401640728116,0.07692307692307693,0.049777777777777775,16
67,1,0.00019675912335515022,0.000784536823630333,0.07692307692307693,0.049777777777777775,16
67,1,0.00019675912335515022,0.000784536823630333,0.07692307692307693,0.049777777777777775,16
67,1,0.00019675912335515022,0.000784536823630333,0.07692307692307693,0.049777777777777775,16
67,1,0.00019675912335515022,0.000784536823630333,0.07692307692307693,0.049777777777777775,16
67,1,0.00019675912335515022,0.0009976504370570183,0.07692307692307693,0.049777777777777775,16
67,1,0.00019675912335515022,0.0009976504370570183,0.07692307692307693,0.049777777777777775,16
67,1,0.00019675912335515022,0.0009976504370570183,0.07692307692307693,0.049777777777777775,16
67,1,0.00019675912335515022,0.0009976504370570183,0.07692307692307693,0.049777777777777775,16
67,1,0.00019675912335515022,0.004234027583152056,0.07692307692307693,0.049777777777777775,16
67,1,0.00019675912335515022,0.004234027583152056,0.07692307692307693,0.049777777777777775,16
67,1,0.00019675912335515022,0.004234027583152056,0.07692307692307693,0.049777777777777775,16
67,1,0.00019675912335515022,0.004234027583152056,0.07692307692307693,0.049777777777777775,16
67,1,0.00019675912335515022,0.0042340392246842384,0.07692307692307693,0.049777777777777775,16
67,1,0.00019675912335515022,0.0042340392246842384,0.07692307692307693,0.049777777777777775,16
67,1,0.00019675912335515022,0.0042340392246842384,0.07692307692307693,0.049777777777777775,16
67,1,0.00019675912335515022,0.0042340392246842384,0.07692307692307693,0.049777777777777775,16
67,1,0.00019675912335515022,0.004234050866216421,0.07692307692307693,0.049777777777777775,16
67,1,0.00019675912335515022,0.004234050866216421,0.07692307692307693,0.049777777777777775,16
67,1,0.00019675912335515022,0.004234050866216421,0.07692307692307693,0.049777777777777775,16
67,1,0.00019675912335515022,0.004234050866216421,0.07692307692307693,0.049777777777777775,16
67,1,0.00019675912335515022,0.0007039932534098625,0.07692307692307693,0.049777777777777775,16
67,1,0.00019675912335515022,0.0007039932534098625,0.07692307692307693,0.049777777777777775,16
67,1,0.00019675912335515022,0.0007039932534098625,0.07692307692307693,0.049777777777777775,16
67,1,0.00019675912335515022,0.0007039932534098625,0.07692307692307693,0.049777777777777775,16
67,1,0.00019675912335515022,0.004234062507748604,0.07692307692307693,0.049777777777777775,16
67,1,0.00019675912335515022,0.004234062507748604,0.07692307692307693,0.049777777777777775,16
67,1,0.00019675912335515022,0.004234062507748604,0.07692307692307693,0.049777777777777775,16
67,1,0.00019675912335515022,0.004234062507748604,0.07692307692307693,0.049777777777777775,16
67,1,0.00019675912335515022,0.0042340741492807865,0.07692307692307693,0.049777777777777775,16
67,1,0.00019675912335515022,0.0042340741492807865,0.07692307692307693,0.049777777777777775,16
67,1,0.00019675912335515022,0.0042340741492807865,0.07692307692307693,0.049777777777777775,16
67,1,0.00019675912335515022,0.0042340741492807865,0.07692307692307693,0.049777777777777775,16
67,1,0.00019675912335515022,0.004234085790812969,0.07692307692307693,0.049777777777777775,16
67,1,0.00019675912335515022,0.004234085790812969,0.07692307692307693,0.049777777777777775,16
67,1,0.00019675912335515022,0.004234085790812969,0.07692307692307693,0.049777777777777775,16
67,1,0.00019675912335515022,0.004234085790812969,0.07692307692307693,0.049777777777777775,16
67,1,0.00019675912335515022,0.004234097432345152,0.07692307692307693,0.049777777777777775,16
67,1,0.00019675912335515022,0.004234097432345152,0.07692307692307693,0.049777777777777775,16
67,1,0.00019675912335515022,0.004234097432345152,0.07692307692307693,0.049777777777777775,16
67,1,0.00019675912335515022,0.004234097432345152,0.07692307692307693,0.049777777777777775,16
67,1,0.00019675912335515022,0.004234108608216047,0.07692307692307693,0.049777777777777775,16
67,1,0.00019675912335515022,0.004234108608216047,0.07692307692307693,0.049777777777777775,16
67,1,0.00019675912335515022,0.004234108608216047,0.07692307692307693,0.049777777777777775,16
67,1,0.00019675912335515022,0.004234108608216047,0.07692307692307693,0.049777777777777775,16
67,1,0.00019675912335515022,0.00423412024974823,0.07692307692307693,0.049777777777777775,16
67,1,0.00019675912335515022,0.00423412024974823,0.07692307692307693,0.049777777777777775,16
67,1,0.00019675912335515022,0.00423412024974823,0.07692307692307693,0.049777777777777775,16
67,1,0.00019675912335515022,0.00423412024974823,0.07692307692307693,0.049777777777777775,16
67,1,0.00019675912335515022,0.0042345719411969185,0.07692307692307693,0.049777777777777775,16
67,1,0.00019675912335515022,0.0042345719411969185,0.07692307692307693,0.049777777777777775,16
67,1,0.00019675912335515022,0.0042345719411969185,0.07692307692307693,0.049777777777777775,16
67,1,0.00019675912335515022,0.0042345719411969185,0.07692307692307693,0.049777777777777775,16
67,1,0.00019675912335515022,0.004234583117067814,0.07692307692307693,0.049777777777777775,16
67,1,0.00019675912335515022,0.004234583117067814,0.07692307692307693,0.049777777777777775,16
67,1,0.00019675912335515022,0.004234583117067814,0.07692307692307693,0.049777777777777775,16
67,1,0.00019675912335515022,0.004234583117067814,0.07692307692307693,0.049777777777777775,16
67,1,0.00019675912335515022,0.004234594758599997,0.07692307692307693,0.049777777777777775,16
67,1,0.00019675912335515022,0.004234594758599997,0.07692307692307693,0.049777777777777775,16
67,1,0.00019675912335515022,0.004234594758599997,0.07692307692307693,0.049777777777777775,16
67,1,0.00019675912335515022,0.004234594758599997,0.07692307692307693,0.049777777777777775,16
67,1,0.00019675912335515022,0.004234594758599997,0.07692307692307693,0.049777777777777775,16
67,1,0.00019675912335515022,0.004234594758599997,0.07692307692307693,0.049777777777777775,16
67,1,0.00019675912335515022,0.004234594758599997,0.07692307692307693,0.049777777777777775,16
67,1,0.00019675912335515022,0.004234594758599997,0.07692307692307693,0.049777777777777775,16
67,1,0.00019675912335515022,0.004234606400132179,0.07692307692307693,0.049777777777777775,16
67,1,0.00019675912335515022,0.004234606400132179,0.07692307692307693,0.049777777777777775,16
67,1,0.00019675912335515022,0.004234606400132179,0.07692307692307693,0.049777777777777775,16
67,1,0.00019675912335515022,0.004234606400132179,0.07692307692307693,0.049777777777777775,16
67,1,0.00019675912335515022,0.004234618041664362,0.07692307692307693,0.049777777777777775,16
67,1,0.00019675912335515022,0.004234618041664362,0.07692307692307693,0.049777777777777775,16
67,1,0.00019675912335515022,0.004234618041664362,0.07692307692307693,0.049777777777777775,16
67,1,0.00019675912335515022,0.004234618041664362,0.07692307692307693,0.049777777777777775,16
67,1,0.00019675912335515022,0.004234629683196545,0.07692307692307693,0.049777777777777775,16
67,1,0.00019675912335515022,0.004234629683196545,0.07692307692307693,0.049777777777777775,16
67,1,0.00019675912335515022,0.004234629683196545,0.07692307692307693,0.049777777777777775,16
67,1,0.00019675912335515022,0.004234629683196545,0.07692307692307693,0.049777777777777775,16
67,1,0.00019675912335515022,0.004234641324728727,0.07692307692307693,0.049777777777777775,16
67,1,0.00019675912335515022,0.004234641324728727,0.07692307692307693,0.049777777777777775,16
67,1,0.00019675912335515022,0.004234641324728727,0.07692307692307693,0.049777777777777775,16
67,1,0.00019675912335515022,0.004234641324728727,0.07692307692307693,0.049777777777777775,16
67,1,0.00019675912335515022,0.00423465296626091,0.07692307692307693,0.049777777777777775,16
67,1,0.00019675912335515022,0.00423465296626091,0.07692307692307693,0.049777777777777775,16
67,1,0.00019675912335515022,0.00423465296626091,0.07692307692307693,0.049777777777777775,16
67,1,0.00019675912335515022,0.00423465296626091,0.07692307692307693,0.049777777777777775,16
67,1,0.00019675912335515022,,0.07692307692307693,0.049777777777777775,16
67,1,0.00019675912335515022,,0.07692307692307693,0.049777777777777775,16
67,1,0.00019675912335515022,,0.07692307692307693,0.049777777777777775,16
67,1,0.00019675912335515022,,0.07692307692307693,0.049777777777777775,16
67,1,0.00019675912335515022,0.004234722349792719,0.07692307692307693,0.049777777777777775,16
67,1,0.00019675912335515022,0.004234722349792719,0.07692307692307693,0.049777777777777775,16
67,1,0.00019675912335515022,0.004234722349792719,0.07692307692307693,0.049777777777777775,16
67,1,0.00019675912335515022,0.004234722349792719,0.07692307692307693,0.049777777777777775,16
67,1,0.00019675912335515022,0.004234733991324902,0.07692307692307693,0.049777777777777775,16
67,1,0.00019675912335515022,0.004234733991324902,0.07692307692307693,0.049777777777777775,16
67,1,0.00019675912335515022,0.004234733991324902,0.07692307692307693,0.049777777777777775,16
67,1,0.00019675912335515022,0.004234733991324902,0.07692307692307693,0.049777777777777775,16
67,1,0.00019675912335515022,0.004234745167195797,0.07692307692307693,0.049777777777777775,16
67,1,0.00019675912335515022,0.004234745167195797,0.07692307692307693,0.049777777777777775,16
67,1,0.00019675912335515022,0.004234745167195797,0.07692307692307693,0.049777777777777775,16
67,1,0.00019675912335515022,0.004234745167195797,0.07692307692307693,0.049777777777777775,16
67,1,0.00019675912335515022,0.00423475680872798,0.07692307692307693,0.049777777777777775,16
67,1,0.00019675912335515022,0.00423475680872798,0.07692307692307693,0.049777777777777775,16
67,1,0.00019675912335515022,0.00423475680872798,0.07692307692307693,0.049777777777777775,16
67,1,0.00019675912335515022,0.00423475680872798,0.07692307692307693,0.049777777777777775,16
67,1,0.00019675912335515022,0.004234768450260162,0.07692307692307693,0.049777777777777775,16
67,1,0.00019675912335515022,0.004234768450260162,0.07692307692307693,0.049777777777777775,16
67,1,0.00019675912335515022,0.004234768450260162,0.07692307692307693,0.049777777777777775,16
67,1,0.00019675912335515022,0.004234768450260162,0.07692307692307693,0.049777777777777775,16
67,1,0.00019675912335515022,0.004234780091792345,0.07692307692307693,0.049777777777777775,16
67,1,0.00019675912335515022,0.004234780091792345,0.07692307692307693,0.049777777777777775,16
67,1,0.00019675912335515022,0.004234780091792345,0.07692307692307693,0.049777777777777775,16
67,1,0.00019675912335515022,0.004234780091792345,0.07692307692307693,0.049777777777777775,16
67,1,0.00019675912335515022,0.004234791733324528,0.07692307692307693,0.049777777777777775,16
67,1,0.00019675912335515022,0.004234791733324528,0.07692307692307693,0.049777777777777775,16
67,1,0.00019675912335515022,0.004234791733324528,0.07692307692307693,0.049777777777777775,16
67,1,0.00019675912335515022,0.004234791733324528,0.07692307692307693,0.049777777777777775,16
67,1,0.00019675912335515022,0.0042348033748567104,0.07692307692307693,0.049777777777777775,16
67,1,0.00019675912335515022,0.0042348033748567104,0.07692307692307693,0.049777777777777775,16
67,1,0.00019675912335515022,0.0042348033748567104,0.07692307692307693,0.049777777777777775,16
67,1,0.00019675912335515022,0.0042348033748567104,0.07692307692307693,0.049777777777777775,16
67,1,0.00019675912335515022,0.0042348033748567104,0.07692307692307693,0.049777777777777775,16
67,1,0.00019675912335515022,0.0042348033748567104,0.07692307692307693,0.049777777777777775,16
67,1,0.00019675912335515022,0.0042348033748567104,0.07692307692307693,0.049777777777777775,16
67,1,0.00019675912335515022,0.0042348033748567104,0.07692307692307693,0.049777777777777775,16
67,1,0.00019675912335515022,0.004234815016388893,0.07692307692307693,0.049777777777777775,16
67,1,0.00019675912335515022,0.004234815016388893,0.07692307692307693,0.049777777777777775,16
67,1,0.00019675912335515022,0.004234815016388893,0.07692307692307693,0.049777777777777775,16
67,1,0.00019675912335515022,0.004234815016388893,0.07692307692307693,0.049777777777777775,16
96,1,0.00019675912335515022,0.0041625346057116985,0.07692307692307693,0.028444444444444446,16
96,1,0.00019675912335515022,0.0041625346057116985,0.07692307692307693,0.028444444444444446,16
97,1,0.00019675912335515022,0.007552315015345812,0.15384615384615385,0.05688888888888889,16
97,1,0.00019675912335515022,0.007552315015345812,0.15384615384615385,0.05688888888888889,16
96,1,0.00019675912335515022,0.010520474519580603,0.07692307692307693,0.028444444444444446,16
96,1,0.00019675912335515022,0.010520474519580603,0.07692307692307693,0.028444444444444446,16
118,0,0.00019675912335515022,0.45853964099660516,0.013461538461538462,0.05688888888888889,16
97,0,0.00019675912335515022,0.026935243047773838,0.15384615384615385,0.05688888888888889,16
140,0,0.00019675912335515022,0.18794106459245086,0.038461538461538464,0.05688888888888889,16
97,1,0.00019675912335515022,0.007221261505037546,0.15384615384615385,0.05688888888888889,16
67,1,0.00020833313465118408,0.004235358908772469,0.07692307692307693,0.049777777777777775,16
67,1,0.00020833313465118408,0.004235358908772469,0.07692307692307693,0.049777777777777775,16
67,1,0.00020833313465118408,0.004235358908772469,0.07692307692307693,0.049777777777777775,16
67,1,0.00020833313465118408,0.004235358908772469,0.07692307692307693,0.049777777777777775,16
67,1,0.00020833313465118408,0.004235381726175547,0.07692307692307693,0.049777777777777775,16
67,1,0.00020833313465118408,0.004235381726175547,0.07692307692307693,0.049777777777777775,16
67,1,0.00020833313465118408,0.004235381726175547,0.07692307692307693,0.049777777777777775,16
67,1,0.00020833313465118408,0.004235381726175547,0.07692307692307693,0.049777777777777775,16
67,1,0.00020833313465118408,0.004235393367707729,0.07692307692307693,0.049777777777777775,16
67,1,0.00020833313465118408,0.004235393367707729,0.07692307692307693,0.049777777777777775,16
67,1,0.00020833313465118408,0.004235393367707729,0.07692307692307693,0.049777777777777775,16
67,1,0.00020833313465118408,0.004235393367707729,0.07692307692307693,0.049777777777777775,16
67,1,0.00020833313465118408,0.004235405009239912,0.07692307692307693,0.049777777777777775,16
67,1,0.00020833313465118408,0.004235405009239912,0.07692307692307693,0.049777777777777775,16
67,1,0.00020833313465118408,0.004235405009239912,0.07692307692307693,0.049777777777777775,16
67,1,0.00020833313465118408,0.004235405009239912,0.07692307692307693,0.049777777777777775,16
67,1,0.00020833313465118408,0.004235416650772095,0.07692307692307693,0.049777777777777775,16
67,1,0.00020833313465118408,0.004235416650772095,0.07692307692307693,0.049777777777777775,16
67,1,0.00020833313465118408,0.004235416650772095,0.07692307692307693,0.049777777777777775,16
67,1,0.00020833313465118408,0.004235416650772095,0.07692307692307693,0.049777777777777775,16
67,1,0.00020833313465118408,0.004235428292304277,0.07692307692307693,0.049777777777777775,16
67,1,0.00020833313465118408,0.004235428292304277,0.07692307692307693,0.049777777777777775,16
67,1,0.00020833313465118408,0.004235428292304277,0.07692307692307693,0.049777777777777775,16
67,1,0.00020833313465118408,0.004235428292304277,0.07692307692307693,0.049777777777777775,16
67,1,0.00020833313465118408,0.00423543993383646,0.07692307692307693,0.049777777777777775,16
67,1,0.00020833313465118408,0.00423543993383646,0.07692307692307693,0.049777777777777775,16
67,1,0.00020833313465118408,0.00423543993383646,0.07692307692307693,0.049777777777777775,16
67,1,0.00020833313465118408,0.00423543993383646,0.07692307692307693,0.049777777777777775,16
67,1,0.00020833313465118408,0.004235451575368643,0.07692307692307693,0.049777777777777775,16
67,1,0.00020833313465118408,0.004235451575368643,0.07692307692307693,0.049777777777777775,16
67,1,0.00020833313465118408,0.004235451575368643,0.07692307692307693,0.049777777777777775,16
67,1,0.00020833313465118408,0.004235451575368643,0.07692307692307693,0.049777777777777775,16
67,1,0.00020833313465118408,0.004235462751239538,0.07692307692307693,0.049777777777777775,16
67,1,0.00020833313465118408,0.004235462751239538,0.07692307692307693,0.049777777777777775,16
67,1,0.00020833313465118408,0.004235462751239538,0.07692307692307693,0.049777777777777775,16
67,1,0.00020833313465118408,0.004235462751239538,0.07692307692307693,0.049777777777777775,16
67,1,0.00020833313465118408,0.004235474392771721,0.07692307692307693,0.049777777777777775,16
67,1,0.00020833313465118408,0.004235474392771721,0.07692307692307693,0.049777777777777775,16
67,1,0.00020833313465118408,0.004235474392771721,0.07692307692307693,0.049777777777777775,16
67,1,0.00020833313465118408,0.004235474392771721,0.07692307692307693,0.049777777777777775,16
67,1,0.00020833313465118408,0.004235486034303904,0.07692307692307693,0.049777777777777775,16
67,1,0.00020833313465118408,0.004235486034303904,0.07692307692307693,0.049777777777777775,16
67,1,0.00020833313465118408,0.004235486034303904,0.07692307692307693,0.049777777777777775,16
67,1,0.00020833313465118408,0.004235486034303904,0.07692307692307693,0.049777777777777775,16
67,1,0.00020833313465118408,0.004235497675836086,0.07692307692307693,0.049777777777777775,16
67,1,0.00020833313465118408,0.004235497675836086,0.07692307692307693,0.049777777777777775,16
67,1,0.00020833313465118408,0.004235497675836086,0.07692307692307693,0.049777777777777775,16
67,1,0.00020833313465118408,0.004235497675836086,0.07692307692307693,0.049777777777777775,16
67,1,0.00020833313465118408,0.004235509317368269,0.07692307692307693,0.049777777777777775,16
67,1,0.00020833313465118408,0.004235509317368269,0.07692307692307693,0.049777777777777775,16
67,1,0.00020833313465118408,0.004235509317368269,0.07692307692307693,0.049777777777777775,16
67,1,0.00020833313465118408,0.004235509317368269,0.07692307692307693,0.049777777777777775,16
67,1,0.00020833313465118408,0.0008550463244318962,0.07692307692307693,0.049777777777777775,16
67,1,0.00020833313465118408,0.0008550463244318962,0.07692307692307693,0.049777777777777775,16
67,1,0.00020833313465118408,0.0008550463244318962,0.07692307692307693,0.049777777777777775,16
67,1,0.00020833313465118408,0.0008550463244318962,0.07692307692307693,0.049777777777777775,16
67,1,0.00020833313465118408,0.004235532600432634,0.07692307692307693,0.049777777777777775,16
67,1,0.00020833313465118408,0.004235532600432634,0.07692307692307693,0.049777777777777775,16
67,1,0.00020833313465118408,0.004235532600432634,0.07692307692307693,0.049777777777777775,16
67,1,0.00020833313465118408,0.004235532600432634,0.07692307692307693,0.049777777777777775,16
67,1,0.00020833313465118408,0.00423554377630353,0.07692307692307693,0.049777777777777775,16
67,1,0.00020833313465118408,0.00423554377630353,0.07692307692307693,0.049777777777777775,16
67,1,0.00020833313465118408,0.00423554377630353,0.07692307692307693,0.049777777777777775,16
67,1,0.00020833313465118408,0.00423554377630353,0.07692307692307693,0.049777777777777775,16
67,1,0.00020833313465118408,0.004235555417835712,0.07692307692307693,0.049777777777777775,16
67,1,0.00020833313465118408,0.004235555417835712,0.07692307692307693,0.049777777777777775,16
67,1,0.00020833313465118408,0.004235555417835712,0.07692307692307693,0.049777777777777775,16
67,1,0.00020833313465118408,0.004235555417835712,0.07692307692307693,0.049777777777777775,16
67,1,0.00020833313465118408,0.004235567059367895,0.07692307692307693,0.049777777777777775,16
67,1,0.00020833313465118408,0.004235567059367895,0.07692307692307693,0.049777777777777775,16
67,1,0.00020833313465118408,0.004235567059367895,0.07692307692307693,0.049777777777777775,16
67,1,0.00020833313465118408,0.004235567059367895,0.07692307692307693,0.049777777777777775,16
